occp_descr,stab,value,ord,tp
retail salespersons,All,3519125,1,Total
elementary and middle school teachers,All,3512509,2,Total
driver/sales workers and truck drivers,All,3501475,3,Total
cashiers,All,3371397,4,Total
secretaries and administrative assistants,All,3273294,5,Total
registered nurses,All,3084264,6,Total
first-line supervisors of retail sales workers,All,3054332,7,Total
customer service representatives,All,2748754,8,Total
janitors and building cleaners,All,2492031,9,Total
cooks,All,2375829,10,Total
elementary and middle school teachers,AK,9982,1,Total
janitors and building cleaners,AK,9503,2,Total
cashiers,AK,8831,3,Total
secretaries and administrative assistants,AK,7824,4,Total
retail salespersons,AK,7558,5,Total
stock clerks and order fillers,AK,6965,6,Total
cooks,AK,6926,7,Total
"laborers and freight, stock, and material movers, hand",AK,6681,8,Total
first-line supervisors of retail sales workers,AK,6192,9,Total
driver/sales workers and truck drivers,AK,5750,10,Total
driver/sales workers and truck drivers,AL,61473,1,Total
retail salespersons,AL,57553,2,Total
registered nurses,AL,51252,3,Total
elementary and middle school teachers,AL,50477,4,Total
cashiers,AL,46750,5,Total
first-line supervisors of retail sales workers,AL,42572,6,Total
secretaries and administrative assistants,AL,40011,7,Total
"laborers and freight, stock, and material movers, hand",AL,35513,8,Total
janitors and building cleaners,AL,34921,9,Total
cooks,AL,34200,10,Total
driver/sales workers and truck drivers,AR,40294,1,Total
secretaries and administrative assistants,AR,34796,2,Total
first-line supervisors of retail sales workers,AR,34635,3,Total
cashiers,AR,30811,4,Total
elementary and middle school teachers,AR,28830,5,Total
retail salespersons,AR,26497,6,Total
registered nurses,AR,25825,7,Total
"nursing, psychiatric, and home health aides",AR,23691,8,Total
"laborers and freight, stock, and material movers, hand",AR,23348,9,Total
cooks,AR,19745,10,Total
customer service representatives,AZ,76870,1,Total
cashiers,AZ,67733,2,Total
retail salespersons,AZ,66108,3,Total
first-line supervisors of retail sales workers,AZ,62674,4,Total
secretaries and administrative assistants,AZ,59178,5,Total
driver/sales workers and truck drivers,AZ,55860,6,Total
registered nurses,AZ,55414,7,Total
elementary and middle school teachers,AZ,53106,8,Total
cooks,AZ,49949,9,Total
janitors and building cleaners,AZ,49137,10,Total
retail salespersons,CA,436882,1,Total
cashiers,CA,411069,2,Total
driver/sales workers and truck drivers,CA,383165,3,Total
elementary and middle school teachers,CA,353736,4,Total
first-line supervisors of retail sales workers,CA,325241,5,Total
customer service representatives,CA,323292,6,Total
secretaries and administrative assistants,CA,318105,7,Total
personal care aides,CA,310431,8,Total
registered nurses,CA,308374,9,Total
janitors and building cleaners,CA,284794,10,Total
retail salespersons,CO,74834,1,Total
elementary and middle school teachers,CO,64468,2,Total
customer service representatives,CO,63991,3,Total
first-line supervisors of retail sales workers,CO,62475,4,Total
driver/sales workers and truck drivers,CO,54481,5,Total
secretaries and administrative assistants,CO,52895,6,Total
registered nurses,CO,50366,7,Total
cashiers,CO,46635,8,Total
cooks,CO,43646,9,Total
janitors and building cleaners,CO,40464,10,Total
elementary and middle school teachers,CT,48053,1,Total
secretaries and administrative assistants,CT,45908,2,Total
registered nurses,CT,42099,3,Total
cashiers,CT,39572,4,Total
retail salespersons,CT,39499,5,Total
first-line supervisors of retail sales workers,CT,37715,6,Total
"nursing, psychiatric, and home health aides",CT,31172,7,Total
driver/sales workers and truck drivers,CT,29982,8,Total
customer service representatives,CT,29914,9,Total
janitors and building cleaners,CT,29013,10,Total
"lawyers, and judges, magistrates, and other judicial workers",DC,21732,1,Total
janitors and building cleaners,DC,9737,2,Total
management analysts,DC,8094,3,Total
security guards and gaming surveillance officers,DC,7748,4,Total
postsecondary teachers,DC,7136,5,Total
operations research analysts,DC,6180,6,Total
elementary and middle school teachers,DC,6140,7,Total
social and community service managers,DC,6008,8,Total
retail salespersons,DC,5839,9,Total
customer service representatives,DC,5758,10,Total
retail salespersons,DE,13376,1,Total
registered nurses,DE,12392,2,Total
secretaries and administrative assistants,DE,11243,3,Total
waiters and waitresses,DE,10531,4,Total
first-line supervisors of retail sales workers,DE,10114,5,Total
elementary and middle school teachers,DE,10093,6,Total
driver/sales workers and truck drivers,DE,9762,7,Total
cashiers,DE,9483,8,Total
janitors and building cleaners,DE,8585,9,Total
customer service representatives,DE,8472,10,Total
retail salespersons,FL,267800,1,Total
cashiers,FL,225596,2,Total
customer service representatives,FL,216814,3,Total
first-line supervisors of retail sales workers,FL,204642,4,Total
elementary and middle school teachers,FL,203223,5,Total
secretaries and administrative assistants,FL,197385,6,Total
driver/sales workers and truck drivers,FL,194256,7,Total
registered nurses,FL,193872,8,Total
waiters and waitresses,FL,187732,9,Total
janitors and building cleaners,FL,147915,10,Total
elementary and middle school teachers,GA,130236,1,Total
driver/sales workers and truck drivers,GA,129335,2,Total
retail salespersons,GA,111683,3,Total
cashiers,GA,110942,4,Total
customer service representatives,GA,98688,5,Total
first-line supervisors of retail sales workers,GA,98106,6,Total
secretaries and administrative assistants,GA,94449,7,Total
registered nurses,GA,88782,8,Total
cooks,GA,76158,9,Total
"laborers and freight, stock, and material movers, hand",GA,75848,10,Total
retail salespersons,HI,19563,1,Total
secretaries and administrative assistants,HI,15564,2,Total
janitors and building cleaners,HI,15333,3,Total
registered nurses,HI,15204,4,Total
"military, rank not specified **",HI,15e3,5,Total
cashiers,HI,14657,6,Total
maids and housekeeping cleaners,HI,14538,7,Total
waiters and waitresses,HI,13679,8,Total
elementary and middle school teachers,HI,13541,9,Total
cooks,HI,11893,10,Total
driver/sales workers and truck drivers,IA,47447,1,Total
elementary and middle school teachers,IA,40203,2,Total
secretaries and administrative assistants,IA,40092,3,Total
"laborers and freight, stock, and material movers, hand",IA,38493,4,Total
first-line supervisors of retail sales workers,IA,34711,5,Total
"farmers, ranchers, and other agricultural managers",IA,33111,6,Total
cashiers,IA,31179,7,Total
registered nurses,IA,29377,8,Total
retail salespersons,IA,29050,9,Total
janitors and building cleaners,IA,25778,10,Total
driver/sales workers and truck drivers,ID,26584,1,Total
retail salespersons,ID,19213,2,Total
janitors and building cleaners,ID,18193,3,Total
customer service representatives,ID,16033,4,Total
"miscellaneous agricultural workers, including animal breeders",ID,15934,5,Total
secretaries and administrative assistants,ID,15715,6,Total
elementary and middle school teachers,ID,15612,7,Total
registered nurses,ID,14731,8,Total
first-line supervisors of retail sales workers,ID,14307,9,Total
cashiers,ID,13694,10,Total
driver/sales workers and truck drivers,IL,158376,1,Total
secretaries and administrative assistants,IL,135881,2,Total
cashiers,IL,134772,3,Total
registered nurses,IL,134649,4,Total
retail salespersons,IL,133706,5,Total
elementary and middle school teachers,IL,130105,6,Total
janitors and building cleaners,IL,113726,7,Total
"laborers and freight, stock, and material movers, hand",IL,112882,8,Total
customer service representatives,IL,111435,9,Total
first-line supervisors of retail sales workers,IL,105072,10,Total
driver/sales workers and truck drivers,IN,85673,1,Total
registered nurses,IN,74928,2,Total
"laborers and freight, stock, and material movers, hand",IN,71064,3,Total
first-line supervisors of retail sales workers,IN,67149,4,Total
cashiers,IN,66414,5,Total
retail salespersons,IN,62702,6,Total
elementary and middle school teachers,IN,62343,7,Total
secretaries and administrative assistants,IN,61391,8,Total
miscellaneous assemblers and fabricators,IN,59842,9,Total
cooks,IN,55646,10,Total
elementary and middle school teachers,KS,36077,1,Total
driver/sales workers and truck drivers,KS,35253,2,Total
secretaries and administrative assistants,KS,34450,3,Total
registered nurses,KS,31860,4,Total
retail salespersons,KS,29082,5,Total
cashiers,KS,27305,6,Total
first-line supervisors of retail sales workers,KS,26628,7,Total
"laborers and freight, stock, and material movers, hand",KS,25483,8,Total
janitors and building cleaners,KS,25469,9,Total
cooks,KS,24299,10,Total
driver/sales workers and truck drivers,KY,55635,1,Total
cashiers,KY,51752,2,Total
registered nurses,KY,48353,3,Total
first-line supervisors of retail sales workers,KY,46182,4,Total
elementary and middle school teachers,KY,43859,5,Total
"laborers and freight, stock, and material movers, hand",KY,43561,6,Total
retail salespersons,KY,40450,7,Total
secretaries and administrative assistants,KY,39642,8,Total
cooks,KY,38679,9,Total
customer service representatives,KY,36382,10,Total
elementary and middle school teachers,LA,56138,1,Total
secretaries and administrative assistants,LA,55210,2,Total
cashiers,LA,53887,3,Total
retail salespersons,LA,49847,4,Total
driver/sales workers and truck drivers,LA,46788,5,Total
registered nurses,LA,45316,6,Total
first-line supervisors of retail sales workers,LA,43429,7,Total
cooks,LA,42979,8,Total
waiters and waitresses,LA,36517,9,Total
janitors and building cleaners,LA,31692,10,Total
elementary and middle school teachers,MA,84563,1,Total
registered nurses,MA,83470,2,Total
secretaries and administrative assistants,MA,77057,3,Total
retail salespersons,MA,75162,4,Total
cashiers,MA,70025,5,Total
first-line supervisors of retail sales workers,MA,67106,6,Total
postsecondary teachers,MA,59958,7,Total
"nursing, psychiatric, and home health aides",MA,59789,8,Total
customer service representatives,MA,56264,9,Total
accountants and auditors,MA,53863,10,Total
elementary and middle school teachers,MD,72149,1,Total
secretaries and administrative assistants,MD,69115,2,Total
registered nurses,MD,64628,3,Total
cashiers,MD,63139,4,Total
retail salespersons,MD,62602,5,Total
first-line supervisors of retail sales workers,MD,56655,6,Total
driver/sales workers and truck drivers,MD,54219,7,Total
accountants and auditors,MD,53060,8,Total
janitors and building cleaners,MD,44675,9,Total
customer service representatives,MD,44087,10,Total
registered nurses,ME,17709,1,Total
first-line supervisors of retail sales workers,ME,17393,2,Total
secretaries and administrative assistants,ME,17330,3,Total
retail salespersons,ME,16868,4,Total
driver/sales workers and truck drivers,ME,16210,5,Total
elementary and middle school teachers,ME,14529,6,Total
cashiers,ME,13674,7,Total
cooks,ME,11923,8,Total
"nursing, psychiatric, and home health aides",ME,10846,9,Total
customer service representatives,ME,10226,10,Total
driver/sales workers and truck drivers,MI,111155,1,Total
cashiers,MI,109081,2,Total
retail salespersons,MI,103275,3,Total
elementary and middle school teachers,MI,101118,4,Total
registered nurses,MI,99161,5,Total
secretaries and administrative assistants,MI,98382,6,Total
miscellaneous assemblers and fabricators,MI,91077,7,Total
first-line supervisors of retail sales workers,MI,87048,8,Total
janitors and building cleaners,MI,82106,9,Total
cooks,MI,72857,10,Total
registered nurses,MN,70665,1,Total
driver/sales workers and truck drivers,MN,62098,2,Total
retail salespersons,MN,60406,3,Total
elementary and middle school teachers,MN,59892,4,Total
secretaries and administrative assistants,MN,58771,5,Total
cashiers,MN,58199,6,Total
customer service representatives,MN,57749,7,Total
first-line supervisors of retail sales workers,MN,56151,8,Total
janitors and building cleaners,MN,48828,9,Total
cooks,MN,46054,10,Total
driver/sales workers and truck drivers,MO,77897,1,Total
elementary and middle school teachers,MO,72560,2,Total
retail salespersons,MO,67898,3,Total
cashiers,MO,66924,4,Total
secretaries and administrative assistants,MO,62990,5,Total
registered nurses,MO,60930,6,Total
customer service representatives,MO,60738,7,Total
first-line supervisors of retail sales workers,MO,55766,8,Total
cooks,MO,52086,9,Total
janitors and building cleaners,MO,48122,10,Total
driver/sales workers and truck drivers,MS,39921,1,Total
cashiers,MS,35622,2,Total
registered nurses,MS,34005,3,Total
secretaries and administrative assistants,MS,32978,4,Total
elementary and middle school teachers,MS,30003,5,Total
retail salespersons,MS,29328,6,Total
cooks,MS,27881,7,Total
first-line supervisors of retail sales workers,MS,25324,8,Total
miscellaneous assemblers and fabricators,MS,20385,9,Total
janitors and building cleaners,MS,18626,10,Total
"farmers, ranchers, and other agricultural managers",MT,11863,1,Total
driver/sales workers and truck drivers,MT,11611,2,Total
secretaries and administrative assistants,MT,11135,3,Total
first-line supervisors of retail sales workers,MT,11033,4,Total
retail salespersons,MT,10964,5,Total
customer service representatives,MT,10528,6,Total
registered nurses,MT,10085,7,Total
cooks,MT,9146,8,Total
janitors and building cleaners,MT,9098,9,Total
elementary and middle school teachers,MT,8703,10,Total
driver/sales workers and truck drivers,NC,115412,1,Total
cashiers,NC,115217,2,Total
elementary and middle school teachers,NC,113451,3,Total
retail salespersons,NC,107903,4,Total
registered nurses,NC,100483,5,Total
first-line supervisors of retail sales workers,NC,99139,6,Total
customer service representatives,NC,88545,7,Total
secretaries and administrative assistants,NC,86474,8,Total
"nursing, psychiatric, and home health aides",NC,73731,9,Total
cooks,NC,73512,10,Total
"farmers, ranchers, and other agricultural managers",ND,13415,1,Total
driver/sales workers and truck drivers,ND,13200,2,Total
secretaries and administrative assistants,ND,12030,3,Total
elementary and middle school teachers,ND,9494,4,Total
retail salespersons,ND,8599,5,Total
registered nurses,ND,8358,6,Total
cashiers,ND,8012,7,Total
first-line supervisors of retail sales workers,ND,7972,8,Total
janitors and building cleaners,ND,7181,9,Total
waiters and waitresses,ND,7123,10,Total
driver/sales workers and truck drivers,NE,25642,1,Total
elementary and middle school teachers,NE,24988,2,Total
first-line supervisors of retail sales workers,NE,22617,3,Total
secretaries and administrative assistants,NE,22555,4,Total
"farmers, ranchers, and other agricultural managers",NE,21266,5,Total
registered nurses,NE,21140,6,Total
"laborers and freight, stock, and material movers, hand",NE,19972,7,Total
retail salespersons,NE,19456,8,Total
cashiers,NE,17895,9,Total
"nursing, psychiatric, and home health aides",NE,17726,10,Total
registered nurses,NH,20055,1,Total
retail salespersons,NH,19536,2,Total
elementary and middle school teachers,NH,17030,3,Total
driver/sales workers and truck drivers,NH,15007,4,Total
secretaries and administrative assistants,NH,14847,5,Total
first-line supervisors of retail sales workers,NH,14084,6,Total
cashiers,NH,14057,7,Total
"nursing, psychiatric, and home health aides",NH,12882,8,Total
"software developers, applications and systems software",NH,11870,9,Total
customer service representatives,NH,8830,10,Total
elementary and middle school teachers,NJ,121335,1,Total
secretaries and administrative assistants,NJ,109695,2,Total
retail salespersons,NJ,102797,3,Total
driver/sales workers and truck drivers,NJ,96774,4,Total
first-line supervisors of retail sales workers,NJ,90801,5,Total
cashiers,NJ,88531,6,Total
registered nurses,NJ,87737,7,Total
customer service representatives,NJ,76627,8,Total
accountants and auditors,NJ,70952,9,Total
waiters and waitresses,NJ,68303,10,Total
elementary and middle school teachers,NM,22231,1,Total
secretaries and administrative assistants,NM,21582,2,Total
cashiers,NM,21111,3,Total
first-line supervisors of retail sales workers,NM,20596,4,Total
cooks,NM,18010,5,Total
janitors and building cleaners,NM,17141,6,Total
retail salespersons,NM,17018,7,Total
personal care aides,NM,16625,8,Total
driver/sales workers and truck drivers,NM,16530,9,Total
waiters and waitresses,NM,16379,10,Total
cashiers,NV,36312,1,Total
retail salespersons,NV,35057,2,Total
first-line supervisors of retail sales workers,NV,33916,3,Total
janitors and building cleaners,NV,32350,4,Total
waiters and waitresses,NV,31981,5,Total
customer service representatives,NV,31398,6,Total
maids and housekeeping cleaners,NV,30839,7,Total
elementary and middle school teachers,NV,28515,8,Total
cooks,NV,27943,9,Total
driver/sales workers and truck drivers,NV,27400,10,Total
secretaries and administrative assistants,NY,251702,1,Total
elementary and middle school teachers,NY,248979,2,Total
"nursing, psychiatric, and home health aides",NY,240629,3,Total
retail salespersons,NY,219234,4,Total
cashiers,NY,208512,5,Total
janitors and building cleaners,NY,197366,6,Total
registered nurses,NY,193411,7,Total
first-line supervisors of retail sales workers,NY,170544,8,Total
driver/sales workers and truck drivers,NY,163806,9,Total
customer service representatives,NY,143322,10,Total
driver/sales workers and truck drivers,OH,142880,1,Total
registered nurses,OH,133195,2,Total
secretaries and administrative assistants,OH,121572,3,Total
"laborers and freight, stock, and material movers, hand",OH,120136,4,Total
elementary and middle school teachers,OH,117364,5,Total
retail salespersons,OH,115304,6,Total
cashiers,OH,113293,7,Total
first-line supervisors of retail sales workers,OH,105803,8,Total
"nursing, psychiatric, and home health aides",OH,103589,9,Total
customer service representatives,OH,103453,10,Total
driver/sales workers and truck drivers,OK,48676,1,Total
secretaries and administrative assistants,OK,42068,2,Total
cashiers,OK,40393,3,Total
elementary and middle school teachers,OK,38621,4,Total
first-line supervisors of retail sales workers,OK,38314,5,Total
cooks,OK,35143,6,Total
retail salespersons,OK,35038,7,Total
waiters and waitresses,OK,33889,8,Total
registered nurses,OK,32265,9,Total
janitors and building cleaners,OK,29296,10,Total
retail salespersons,OR,42658,1,Total
personal care aides,OR,41307,2,Total
secretaries and administrative assistants,OR,38292,3,Total
customer service representatives,OR,37372,4,Total
driver/sales workers and truck drivers,OR,36476,5,Total
first-line supervisors of retail sales workers,OR,34644,6,Total
registered nurses,OR,34633,7,Total
elementary and middle school teachers,OR,33757,8,Total
cooks,OR,33493,9,Total
cashiers,OR,33445,10,Total
secretaries and administrative assistants,PA,158630,1,Total
driver/sales workers and truck drivers,PA,148189,2,Total
registered nurses,PA,138722,3,Total
elementary and middle school teachers,PA,137221,4,Total
cashiers,PA,128562,5,Total
retail salespersons,PA,124867,6,Total
"laborers and freight, stock, and material movers, hand",PA,122660,7,Total
first-line supervisors of retail sales workers,PA,117374,8,Total
customer service representatives,PA,100212,9,Total
"nursing, psychiatric, and home health aides",PA,99071,10,Total
secretaries and administrative assistants,RI,16594,1,Total
first-line supervisors of retail sales workers,RI,13474,2,Total
elementary and middle school teachers,RI,12683,3,Total
retail salespersons,RI,12255,4,Total
registered nurses,RI,11773,5,Total
customer service representatives,RI,11648,6,Total
cashiers,RI,11348,7,Total
driver/sales workers and truck drivers,RI,11309,8,Total
"nursing, psychiatric, and home health aides",RI,11107,9,Total
postsecondary teachers,RI,9634,10,Total
cashiers,SC,65589,1,Total
retail salespersons,SC,52220,2,Total
first-line supervisors of retail sales workers,SC,51195,3,Total
elementary and middle school teachers,SC,51148,4,Total
secretaries and administrative assistants,SC,49322,5,Total
registered nurses,SC,47467,6,Total
driver/sales workers and truck drivers,SC,47046,7,Total
cooks,SC,42699,8,Total
janitors and building cleaners,SC,42513,9,Total
customer service representatives,SC,40731,10,Total
"farmers, ranchers, and other agricultural managers",SD,15385,1,Total
driver/sales workers and truck drivers,SD,13808,2,Total
secretaries and administrative assistants,SD,13459,3,Total
retail salespersons,SD,10900,4,Total
registered nurses,SD,10316,5,Total
first-line supervisors of retail sales workers,SD,9343,6,Total
elementary and middle school teachers,SD,9019,7,Total
janitors and building cleaners,SD,8807,8,Total
customer service representatives,SD,8594,9,Total
"miscellaneous agricultural workers, including animal breeders",SD,8289,10,Total
driver/sales workers and truck drivers,TN,79239,1,Total
cashiers,TN,72173,2,Total
retail salespersons,TN,70701,3,Total
first-line supervisors of retail sales workers,TN,68904,4,Total
elementary and middle school teachers,TN,68099,5,Total
registered nurses,TN,62287,6,Total
"laborers and freight, stock, and material movers, hand",TN,58319,7,Total
secretaries and administrative assistants,TN,56611,8,Total
cooks,TN,55394,9,Total
customer service representatives,TN,53551,10,Total
elementary and middle school teachers,TX,358262,1,Total
driver/sales workers and truck drivers,TX,341857,2,Total
retail salespersons,TX,324883,3,Total
cashiers,TX,301921,4,Total
secretaries and administrative assistants,TX,268877,5,Total
first-line supervisors of retail sales workers,TX,267108,6,Total
customer service representatives,TX,245457,7,Total
registered nurses,TX,222306,8,Total
cooks,TX,212166,9,Total
construction laborers,TX,204641,10,Total
customer service representatives,UT,38766,1,Total
driver/sales workers and truck drivers,UT,33805,2,Total
retail salespersons,UT,32920,3,Total
first-line supervisors of retail sales workers,UT,31537,4,Total
secretaries and administrative assistants,UT,30805,5,Total
cashiers,UT,27476,6,Total
elementary and middle school teachers,UT,26702,7,Total
janitors and building cleaners,UT,23074,8,Total
registered nurses,UT,22475,9,Total
cooks,UT,20976,10,Total
elementary and middle school teachers,VA,103754,1,Total
retail salespersons,VA,91769,2,Total
secretaries and administrative assistants,VA,86479,3,Total
first-line supervisors of retail sales workers,VA,84417,4,Total
cashiers,VA,83508,5,Total
driver/sales workers and truck drivers,VA,81263,6,Total
registered nurses,VA,72083,7,Total
customer service representatives,VA,66085,8,Total
waiters and waitresses,VA,64903,9,Total
"software developers, applications and systems software",VA,60181,10,Total
retail salespersons,VT,9261,1,Total
secretaries and administrative assistants,VT,7958,2,Total
first-line supervisors of retail sales workers,VT,7859,3,Total
driver/sales workers and truck drivers,VT,7080,4,Total
janitors and building cleaners,VT,6895,5,Total
cashiers,VT,6146,6,Total
elementary and middle school teachers,VT,6033,7,Total
personal care aides,VT,5935,8,Total
registered nurses,VT,5634,9,Total
carpenters,VT,4914,10,Total
elementary and middle school teachers,WA,72636,1,Total
retail salespersons,WA,70006,2,Total
driver/sales workers and truck drivers,WA,69431,3,Total
first-line supervisors of retail sales workers,WA,67133,4,Total
"software developers, applications and systems software",WA,66641,5,Total
cashiers,WA,64795,6,Total
secretaries and administrative assistants,WA,62898,7,Total
registered nurses,WA,59277,8,Total
customer service representatives,WA,57839,9,Total
janitors and building cleaners,WA,49416,10,Total
driver/sales workers and truck drivers,WI,71403,1,Total
registered nurses,WI,71400,2,Total
elementary and middle school teachers,WI,66589,3,Total
customer service representatives,WI,60981,4,Total
retail salespersons,WI,59539,5,Total
cashiers,WI,57978,6,Total
first-line supervisors of retail sales workers,WI,56284,7,Total
secretaries and administrative assistants,WI,56143,8,Total
"laborers and freight, stock, and material movers, hand",WI,56126,9,Total
cooks,WI,51329,10,Total
driver/sales workers and truck drivers,WV,23844,1,Total
secretaries and administrative assistants,WV,21751,2,Total
cashiers,WV,21741,3,Total
registered nurses,WV,21577,4,Total
first-line supervisors of retail sales workers,WV,20622,5,Total
elementary and middle school teachers,WV,17301,6,Total
janitors and building cleaners,WV,16568,7,Total
"nursing, psychiatric, and home health aides",WV,14814,8,Total
retail salespersons,WV,14142,9,Total
cooks,WV,13667,10,Total
driver/sales workers and truck drivers,WY,11041,1,Total
secretaries and administrative assistants,WY,8344,2,Total
elementary and middle school teachers,WY,7558,3,Total
first-line supervisors of retail sales workers,WY,7550,4,Total
cooks,WY,7428,5,Total
cashiers,WY,7370,6,Total
retail salespersons,WY,5317,7,Total
construction laborers,WY,4943,8,Total
janitors and building cleaners,WY,4691,9,Total
"laborers and freight, stock, and material movers, hand",WY,4540,10,Total
physicians and surgeons,All,205167.47610361342,1,Wage
chief executives and legislators,All,156304.2079069945,2,Wage
nurse anesthetists,All,152624.24072846034,3,Wage
architectural and engineering managers,All,144919.6217622968,4,Wage
dentists,All,137308.6677578662,5,Wage
"petroleum, mining and geological engineers, including mining safety engineers",All,134461.10462291387,6,Wage
"lawyers, and judges, magistrates, and other judicial workers",All,131346.49599369586,7,Wage
"securities, commodities, and financial services sales agents",All,128144.32613811098,8,Wage
actuaries,All,126526.57135685354,9,Wage
economists,All,126373.89042307196,10,Wage
speech-language pathologists,AK,365073.7739354838,1,Wage
training and development specialists,AK,215283.31304615387,2,Wage
chemical engineers,AK,180227.52,3,Wage
sheet metal workers,AK,177033.30355828218,4,Wage
aircraft pilots and flight engineers,AK,161244.80583451304,5,Wage
chief executives and legislators,AK,148033.42260732548,6,Wage
physicians and surgeons,AK,147775.06452464635,7,Wage
cost estimators,AK,144182.016,8,Wage
pharmacists,AK,143727.9822052506,9,Wage
mining machine operators,AK,142822.00249045523,10,Wage
physicians and surgeons,AL,196225.39736719575,1,Wage
dentists,AL,186414.08377528086,2,Wage
architectural and engineering managers,AL,157379.54253631283,3,Wage
"derrick, rotary drill, and service unit operators, and roustabouts, oil, gas, and mining",AL,148891.08575,4,Wage
personal financial advisors,AL,146545.5135857367,5,Wage
nurse anesthetists,AL,134869.83107296136,6,Wage
chief executives and legislators,AL,126074.07070542553,7,Wage
sales engineers,AL,120337.09925925925,8,Wage
"petroleum, mining and geological engineers, including mining safety engineers",AL,120151.67999999998,9,Wage
"morticians, undertakers, and funeral directors",AL,117972.13583520208,10,Wage
economists,AR,336424.70399999997,1,Wage
physicians and surgeons,AR,257265.08700421237,2,Wage
personal financial advisors,AR,222039.53759781117,3,Wage
computer and information research scientists,AR,160202.24,4,Wage
budget analysts,AR,150189.59999999998,5,Wage
animal trainers,AR,143578.7439665272,6,Wage
dentists,AR,139543.46064790874,7,Wage
nurse anesthetists,AR,139314.70826266415,8,Wage
chief executives and legislators,AR,137200.79340586296,9,Wage
emergency medical technicians and paramedics,AR,135678.83789235528,10,Wage
podiatrists,AZ,367463.888,1,Wage
sales engineers,AZ,229210.70489887637,2,Wage
nurse anesthetists,AZ,196597.02213953488,3,Wage
physicians and surgeons,AZ,192336.59172270165,4,Wage
economists,AZ,191877.56541353383,5,Wage
judicial law clerks,AZ,185233.84,6,Wage
biomedical and agricultural engineers,AZ,157969.20517985607,7,Wage
architectural and engineering managers,AZ,145071.59191928248,8,Wage
chief executives and legislators,AZ,143930.68729666155,9,Wage
dentists,AZ,132658.036695462,10,Wage
physicians and surgeons,CA,197778.91975629336,1,Wage
architectural and engineering managers,CA,179851.5329086106,2,Wage
nurse anesthetists,CA,160619.09276734694,3,Wage
chief executives and legislators,CA,158642.2482769766,4,Wage
economists,CA,150576.51378099548,5,Wage
actuaries,CA,142812.86533263043,6,Wage
natural sciences managers,CA,140089.09836676216,7,Wage
financial examiners,CA,133271.20626521058,8,Wage
"lawyers, and judges, magistrates, and other judicial workers",CA,132230.23117051236,9,Wage
podiatrists,CA,125593.81187878788,10,Wage
nurse anesthetists,CO,261686.37495287956,1,Wage
actuaries,CO,245738.79314285712,2,Wage
physicians and surgeons,CO,212641.25277825084,3,Wage
dentists,CO,174733.87895438005,4,Wage
"petroleum, mining and geological engineers, including mining safety engineers",CO,160342.13122473244,5,Wage
podiatrists,CO,153397.83857591622,6,Wage
chief executives and legislators,CO,148678.15409204224,7,Wage
"geological and petroleum technicians, and nuclear technicians",CO,133158.58989279537,8,Wage
architectural and engineering managers,CO,130197.13920888887,9,Wage
"lawyers, and judges, magistrates, and other judicial workers",CO,123861.06959748593,10,Wage
"securities, commodities, and financial services sales agents",CT,238814.65975005997,1,Wage
nurse anesthetists,CT,209451.77173814896,2,Wage
"meter readers, utilities",CT,203310.79576541352,3,Wage
chief executives and legislators,CT,193173.32236540163,4,Wage
financial analysts,CT,189144.21230860025,5,Wage
physicians and surgeons,CT,187766.3124109303,6,Wage
financial managers,CT,182439.968322125,7,Wage
personal financial advisors,CT,171797.50463665745,8,Wage
"lawyers, and judges, magistrates, and other judicial workers",CT,171524.60357614033,9,Wage
actuaries,CT,166188.98577183965,10,Wage
aircraft pilots and flight engineers,DC,300379.19999999995,1,Wage
computer operators,DC,300379.19999999995,2,Wage
"sales representatives, wholesale and manufacturing",DC,280904.2230600522,3,Wage
dentists,DC,265334.95999999996,4,Wage
industrial production managers,DC,200252.8,5,Wage
private detectives and investigators,DC,198977.3044585987,6,Wage
stationary engineers and boiler operators,DC,183280.76959677416,7,Wage
chemical engineers,DC,175221.2,8,Wage
personal financial advisors,DC,169013.36319999996,9,Wage
first-line supervisors of production and operating workers,DC,163973.23428571425,10,Wage
economists,DE,403509.392,1,Wage
dentists,DE,294342.2902761506,2,Wage
chemical engineers,DE,222088.20092537312,3,Wage
logisticians,DE,209062.1665964912,4,Wage
"lawyers, and judges, magistrates, and other judicial workers",DE,179693.58493130872,5,Wage
physicians and surgeons,DE,151447.24826666666,6,Wage
chief executives and legislators,DE,146547.8347759166,7,Wage
"crushing, grinding, polishing, mixing, and blending workers",DE,142179.48799999998,8,Wage
operations research analysts,DE,130532.11103366336,9,Wage
architectural and engineering managers,DE,122459.52617040357,10,Wage
conservation scientists and foresters,FL,216223.78150819673,1,Wage
physicians and surgeons,FL,214024.66744830934,2,Wage
"derrick, rotary drill, and service unit operators, and roustabouts, oil, gas, and mining",FL,156820.48741721854,3,Wage
chief executives and legislators,FL,143588.10243515664,4,Wage
dentists,FL,143569.06954599018,5,Wage
actuaries,FL,134602.71875268818,6,Wage
architectural and engineering managers,FL,129274.30755555556,7,Wage
"lawyers, and judges, magistrates, and other judicial workers",FL,122459.73577093061,8,Wage
economists,FL,117860.51601975308,9,Wage
aircraft pilots and flight engineers,FL,116014.41563687878,10,Wage
"electronic equipment installers and repairers, motor vehicles",GA,419529.616,1,Wage
astronomers and physicists,GA,288099.0735598886,2,Wage
physicians and surgeons,GA,223523.33417596822,3,Wage
actuaries,GA,209679.68613256485,4,Wage
ship and boat captains and operators,GA,183946.50057142857,5,Wage
chief executives and legislators,GA,152594.88591688836,6,Wage
"health diagnosing and treating practitioners, all other",GA,145035.16402366862,7,Wage
architectural and engineering managers,GA,141402.76923862728,8,Wage
nurse anesthetists,GA,130674.76831372548,9,Wage
judicial law clerks,GA,128161.79199999999,10,Wage
physicians and surgeons,HI,180750.0520747325,1,Wage
embalmers and funeral attendants,HI,154705.50497959185,2,Wage
aerospace engineers,HI,150189.59999999998,3,Wage
dentists,HI,142995.3726587729,4,Wage
emergency management directors,HI,141881.23914893615,5,Wage
industrial production managers,HI,139175.696,6,Wage
electrical and electronics engineers,HI,136594.35511232875,7,Wage
aircraft pilots and flight engineers,HI,130135.35107416463,8,Wage
materials engineers,HI,126159.264,9,Wage
chief executives and legislators,HI,124471.61240083935,10,Wage
dentists,IA,206407.173523185,1,Wage
physicians and surgeons,IA,201991.4458670083,2,Wage
architectural and engineering managers,IA,173424.74870693512,3,Wage
"lawyers, and judges, magistrates, and other judicial workers",IA,148445.62069016698,4,Wage
"financial specialists, all other",IA,146310.32006419753,5,Wage
chief executives and legislators,IA,129329.10698579431,6,Wage
sales engineers,IA,115145.35999999999,7,Wage
"wholesale and retail buyers, except farm products",IA,111861.39779816513,8,Wage
personal financial advisors,IA,108572.40439422472,9,Wage
first-line supervisors of fire fighting and prevention workers,IA,102963.31466666666,10,Wage
ship and boat captains and operators,ID,316399.424,1,Wage
dentists,ID,247349.59960165975,2,Wage
aircraft pilots and flight engineers,ID,211753.8614327122,3,Wage
physicians and surgeons,ID,147567.85302637416,4,Wage
nurse anesthetists,ID,140176.96,5,Wage
"petroleum, mining and geological engineers, including mining safety engineers",ID,138174.432,6,Wage
pharmacists,ID,133109.4480714995,7,Wage
"securities, commodities, and financial services sales agents",ID,127851.36972644375,8,Wage
advertising sales agents,ID,125675.31973333332,9,Wage
"nurse practitioners, and nurse midwives",ID,116625.95251063828,10,Wage
physicians and surgeons,IL,218156.42325775904,1,Wage
chief executives and legislators,IL,175722.34750728958,2,Wage
nurse anesthetists,IL,150675.72092753623,3,Wage
"lawyers, and judges, magistrates, and other judicial workers",IL,144738.86604159608,4,Wage
dentists,IL,140498.9180465757,5,Wage
architectural and engineering managers,IL,137299.23787460235,6,Wage
"securities, commodities, and financial services sales agents",IL,134479.02872931949,7,Wage
compensation and benefits managers,IL,129740.22939575712,8,Wage
"petroleum, mining and geological engineers, including mining safety engineers",IL,129076.57446449134,9,Wage
sales engineers,IL,127615.18264785955,10,Wage
"miscellaneous mathematical science occupations, including mathematicians and statisticians",IN,269140.23327699525,1,Wage
physicians and surgeons,IN,233263.59228859923,2,Wage
nurse anesthetists,IN,190302.739,3,Wage
"buyers and purchasing agents, farm products",IN,178439.54857142855,4,Wage
"geological and petroleum technicians, and nuclear technicians",IN,152237.63999999998,5,Wage
optometrists,IN,145268.39517774343,6,Wage
chief executives and legislators,IN,141524.31229706903,7,Wage
"medical scientists, and life scientists, all other",IN,139928.0669850129,8,Wage
dentists,IN,132900.42313978492,9,Wage
"lawyers, and judges, magistrates, and other judicial workers",IN,125625.1984511638,10,Wage
training and development managers,KS,239571.52703999996,1,Wage
physicians and surgeons,KS,215229.81128832194,2,Wage
nurse anesthetists,KS,144582.1274015748,3,Wage
pharmacists,KS,139585.23386914926,4,Wage
chief executives and legislators,KS,136825.4034750163,5,Wage
veterinarians,KS,136101.1915869436,6,Wage
financial examiners,KS,127940.03554362415,7,Wage
actuaries,KS,127389.7330120482,8,Wage
optometrists,KS,122277.67009214089,9,Wage
judicial law clerks,KS,121152.94399999999,10,Wage
podiatrists,KY,358452.512,1,Wage
physicians and surgeons,KY,197652.6574064022,2,Wage
nurse anesthetists,KY,180584.13457534244,3,Wage
credit analysts,KY,158529.0313887043,4,Wage
chief executives and legislators,KY,157210.22808862609,5,Wage
sales engineers,KY,156700.34444444443,6,Wage
public relations and fundraising managers,KY,146771.82384615383,7,Wage
"morticians, undertakers, and funeral directors",KY,139806.68123773584,8,Wage
aircraft pilots and flight engineers,KY,122134.99740994474,9,Wage
actuaries,KY,113659.76364651161,10,Wage
podiatrists,LA,245049.6114285714,1,Wage
chiropractors,LA,190240.15999999997,2,Wage
physicians and surgeons,LA,186972.65297721798,3,Wage
"medical scientists, and life scientists, all other",LA,169195.31613577023,4,Wage
financial examiners,LA,157198.44799999997,5,Wage
environmental scientists and geoscientists,LA,152088.54896551723,6,Wage
architectural and engineering managers,LA,145015.27359133965,7,Wage
dentists,LA,135964.4221959681,8,Wage
actuaries,LA,130164.31999999999,9,Wage
"earth drillers, except oil and gas",LA,114477.85066666667,10,Wage
chief executives and legislators,MA,183337.8503949382,1,Wage
physicians and surgeons,MA,178103.9921663409,2,Wage
dentists,MA,177240.89381637715,3,Wage
architectural and engineering managers,MA,159603.2677660047,4,Wage
natural sciences managers,MA,143696.40295999998,5,Wage
"securities, commodities, and financial services sales agents",MA,139818.0944627643,6,Wage
"miscellaneous mathematical science occupations, including mathematicians and statisticians",MA,137510.5826395126,7,Wage
personal financial advisors,MA,135368.3145611742,8,Wage
computer and information systems managers,MA,131334.5073657077,9,Wage
advertising and promotions managers,MA,130359.75388235295,10,Wage
physicians and surgeons,MD,225743.7966604151,1,Wage
"petroleum, mining and geological engineers, including mining safety engineers",MD,180227.52,2,Wage
financial examiners,MD,172306.19002955663,3,Wage
materials engineers,MD,170175.74264495113,4,Wage
podiatrists,MD,159529.55617571058,5,Wage
chief executives and legislators,MD,158180.10520091918,6,Wage
marine engineers and naval architects,MD,157198.44799999997,7,Wage
"lawyers, and judges, magistrates, and other judicial workers",MD,155333.8612714936,8,Wage
nurse anesthetists,MD,153466.24830331752,9,Wage
economists,MD,151339.00856095206,10,Wage
"petroleum, mining and geological engineers, including mining safety engineers",ME,324409.53599999996,1,Wage
"morticians, undertakers, and funeral directors",ME,324409.53599999996,2,Wage
physicians and surgeons,ME,207521.93430325578,3,Wage
nurse anesthetists,ME,150189.59999999998,4,Wage
aerospace engineers,ME,150189.59999999998,5,Wage
architectural and engineering managers,ME,149124.500987013,6,Wage
"opticians, dispensing",ME,129907.99641599998,7,Wage
"business operations specialists, all other",ME,127980.80550437316,8,Wage
sales engineers,ME,125135.91329411762,9,Wage
pharmacists,ME,123689.53069531849,10,Wage
physicians and surgeons,MI,187506.7788122222,1,Wage
nurse anesthetists,MI,153438.56452054792,2,Wage
chief executives and legislators,MI,149060.72513746214,3,Wage
dentists,MI,141997.56393585476,4,Wage
architectural and engineering managers,MI,141099.15432979373,5,Wage
"communications equipment operators, all other",MI,129163.056,6,Wage
aircraft pilots and flight engineers,MI,128959.43814026633,7,Wage
optometrists,MI,122462.10843192486,8,Wage
air traffic controllers and airfield operations specialists,MI,120676.45823794213,9,Wage
sales engineers,MI,119924.08139779474,10,Wage
podiatrists,MN,477602.928,1,Wage
physicians and surgeons,MN,255534.08347252177,2,Wage
dentists,MN,200911.79518367344,3,Wage
parking lot attendants,MN,188228.37373698628,4,Wage
actuaries,MN,183548.37893333333,5,Wage
nurse anesthetists,MN,170193.33524801812,6,Wage
electrical and electronics engineers,MN,155654.36715659866,7,Wage
materials engineers,MN,141221.3996550308,8,Wage
chief executives and legislators,MN,140491.162177871,9,Wage
urban and regional planners,MN,139181.75692009684,10,Wage
nurse anesthetists,MO,222360.45017241378,1,Wage
physicians and surgeons,MO,207682.62606001395,2,Wage
materials engineers,MO,200252.8,3,Wage
sales engineers,MO,199520.72828852455,4,Wage
chief executives and legislators,MO,147907.596732913,5,Wage
emergency management directors,MO,139175.696,6,Wage
"lawyers, and judges, magistrates, and other judicial workers",MO,131471.9834371533,7,Wage
"electrical and electronics repairers, transportation equipment, and industrial and utility",MO,128161.79199999999,8,Wage
ship and boat captains and operators,MO,126548.20644619422,9,Wage
dentists,MO,121937.52141043477,10,Wage
podiatrists,MS,290366.56,1,Wage
"petroleum, mining and geological engineers, including mining safety engineers",MS,290366.56,2,Wage
nurse anesthetists,MS,246587.06577319588,3,Wage
physicians and surgeons,MS,209509.0376847895,4,Wage
dentists,MS,165821.22153846154,5,Wage
locomotive engineers and operators,MS,124611.65812173912,6,Wage
optometrists,MS,123064.44799999999,7,Wage
architectural and engineering managers,MS,117922.15387654319,8,Wage
"lawyers, and judges, magistrates, and other judicial workers",MS,108980.87112983663,9,Wage
financial analysts,MS,105773.84556521739,10,Wage
chiropractors,MT,289826.0546548672,1,Wage
physicians and surgeons,MT,224964.92333220073,2,Wage
architectural and engineering managers,MT,150189.59999999998,3,Wage
personal financial advisors,MT,145211.56913698628,4,Wage
physician assistants,MT,139040.6048253968,5,Wage
nurse anesthetists,MT,130069.79768955224,6,Wage
management analysts,MT,122848.64085658913,7,Wage
"industrial engineers, including health and safety",MT,120151.68,8,Wage
financial examiners,MT,116146.624,9,Wage
"lawyers, and judges, magistrates, and other judicial workers",MT,112966.66154971428,10,Wage
actuaries,NC,243338.73761514196,1,Wage
physicians and surgeons,NC,210541.9845247617,2,Wage
dentists,NC,195624.48028190216,3,Wage
economists,NC,165672.5603902439,4,Wage
credit analysts,NC,164000.1379310345,5,Wage
chief executives and legislators,NC,160744.4026682227,6,Wage
nurse anesthetists,NC,155464.54681487533,7,Wage
optometrists,NC,148428.86020040078,8,Wage
podiatrists,NC,138058.90153846153,9,Wage
"medical scientists, and life scientists, all other",NC,129579.6543765658,10,Wage
"derrick, rotary drill, and service unit operators, and roustabouts, oil, gas, and mining",ND,299760.2368,1,Wage
dentists,ND,221979.35560465115,2,Wage
physicians and surgeons,ND,192225.88826845636,3,Wage
"cement masons, concrete finishers, and terrazzo workers",ND,177754.22225964913,4,Wage
chief executives and legislators,ND,164821.20969343066,5,Wage
financial examiners,ND,164207.296,6,Wage
"geological and petroleum technicians, and nuclear technicians",ND,150189.59999999998,7,Wage
"earth drillers, except oil and gas",ND,150189.59999999998,8,Wage
aircraft pilots and flight engineers,ND,126918.84358620687,9,Wage
physician assistants,ND,125157.99999999997,10,Wage
atmospheric and space scientists,NE,234671.24999999997,1,Wage
physicians and surgeons,NE,211548.42847148288,2,Wage
dentists,NE,208051.46494409937,3,Wage
"miscellaneous transportation workers, including bridge and lock tenders and traffic technicians",NE,186112.19434730537,4,Wage
chief executives and legislators,NE,161885.149836112,5,Wage
"architects, except naval",NE,158943.6029983416,6,Wage
nurse anesthetists,NE,143810.029374613,7,Wage
financial examiners,NE,140176.96,8,Wage
advertising and promotions managers,NE,137173.168,9,Wage
"lawyers, and judges, magistrates, and other judicial workers",NE,123958.3194949807,10,Wage
chemical engineers,NH,286100.08399493026,1,Wage
physicians and surgeons,NH,204505.77251582564,2,Wage
"sailors and marine oilers, and ship engineers",NH,189782.961826484,3,Wage
actuaries,NH,180227.52,4,Wage
dentists,NH,177305.1867661017,5,Wage
"financial specialists, all other",NH,166387.13116666666,6,Wage
nurse anesthetists,NH,159278.7440776699,7,Wage
jewelers and precious stone and metal workers,NH,156197.18399999998,8,Wage
architectural and engineering managers,NH,152476.23666,9,Wage
market research analysts and marketing specialists,NH,151573.62090086204,10,Wage
training and development managers,NJ,252478.14979710145,1,Wage
economists,NJ,215048.46926725662,2,Wage
physicians and surgeons,NJ,200370.83613034326,3,Wage
"health diagnosing and treating practitioners, all other",NJ,189900.92577910447,4,Wage
chief executives and legislators,NJ,185273.61598258492,5,Wage
"securities, commodities, and financial services sales agents",NJ,169507.1893350983,6,Wage
veterinarians,NJ,165551.6948975521,7,Wage
"lawyers, and judges, magistrates, and other judicial workers",NJ,159012.8488300609,8,Wage
dentists,NJ,149887.5468418405,9,Wage
financial analysts,NJ,148139.92461406236,10,Wage
atmospheric and space scientists,NM,304384.256,1,Wage
architectural and engineering managers,NM,206487.31883516486,2,Wage
physicians and surgeons,NM,197034.03331832966,3,Wage
"petroleum, mining and geological engineers, including mining safety engineers",NM,153818.4325508982,4,Wage
computer hardware engineers,NM,152148.59478260868,5,Wage
computer network architects,NM,148588.44075862068,6,Wage
new accounts clerks,NM,140176.96,7,Wage
supervisors of transportation and material moving workers,NM,139605.38015169662,8,Wage
"derrick, rotary drill, and service unit operators, and roustabouts, oil, gas, and mining",NM,136586.72436587242,9,Wage
"industrial engineers, including health and safety",NM,132888.97173333334,10,Wage
physicians and surgeons,NV,216153.5286999621,1,Wage
aircraft pilots and flight engineers,NV,152240.72904977374,2,Wage
"lawyers, and judges, magistrates, and other judicial workers",NV,151936.2215745237,3,Wage
"geological and petroleum technicians, and nuclear technicians",NV,134676.128195599,4,Wage
marine engineers and naval architects,NV,130164.32,5,Wage
dentists,NV,129765.08854294803,6,Wage
computer and information systems managers,NV,123247.26630183356,7,Wage
chief executives and legislators,NV,121741.2041445607,8,Wage
elevator installers and repairers,NV,120151.68,9,Wage
architectural and engineering managers,NV,118959.69904761904,10,Wage
"securities, commodities, and financial services sales agents",NY,242489.44329663203,1,Wage
physicians and surgeons,NY,194633.3121856639,2,Wage
chief executives and legislators,NY,175251.4593891519,3,Wage
financial analysts,NY,157834.55806933908,4,Wage
nurse anesthetists,NY,156154.23762745096,5,Wage
"lawyers, and judges, magistrates, and other judicial workers",NY,153058.40615982533,6,Wage
"financial specialists, all other",NY,152027.88601935812,7,Wage
financial managers,NY,148178.14089337777,8,Wage
"agents and business managers of artists, performers, and athletes",NY,146668.90417104014,9,Wage
financial examiners,NY,144195.71853763438,10,Wage
physicians and surgeons,OH,202574.8323764122,1,Wage
nurse anesthetists,OH,144471.09689027237,2,Wage
chief executives and legislators,OH,136438.88432016835,3,Wage
actuaries,OH,129331.5379230769,4,Wage
aircraft pilots and flight engineers,OH,124609.91082958903,5,Wage
architectural and engineering managers,OH,114469.35750616301,6,Wage
personal financial advisors,OH,113467.14272197377,7,Wage
natural sciences managers,OH,109747.8304680851,8,Wage
veterinarians,OH,103297.06933333332,9,Wage
"nurse practitioners, and nurse midwives",OH,102912.41389936466,10,Wage
natural sciences managers,OK,375474,1,Wage
astronomers and physicists,OK,375474,2,Wage
physicians and surgeons,OK,187939.76879671792,3,Wage
personal financial advisors,OK,186613.14346412884,4,Wage
dentists,OK,170021.54330926217,5,Wage
nurse anesthetists,OK,160202.24,6,Wage
chemical engineers,OK,145964.08220183486,7,Wage
audiologists,OK,144037.21782153845,8,Wage
chief executives and legislators,OK,140450.44170554893,9,Wage
"morticians, undertakers, and funeral directors",OK,135282.70958169934,10,Wage
physicians and surgeons,OR,186852.4762403027,1,Wage
architectural and engineering managers,OR,185845.45930007918,2,Wage
dentists,OR,177384.10487906972,3,Wage
announcers,OR,155182.7454736842,4,Wage
air traffic controllers and airfield operations specialists,OR,150189.59999999998,5,Wage
nurse anesthetists,OR,143025.38344827585,6,Wage
actuaries,OR,119519.3027368421,7,Wage
chief executives and legislators,OR,117595.40622661218,8,Wage
materials engineers,OR,115662.92402624937,9,Wage
pharmacists,OR,112489.5759052369,10,Wage
physicians and surgeons,PA,203368.46705066436,1,Wage
chief executives and legislators,PA,154896.71688645068,2,Wage
"petroleum, mining and geological engineers, including mining safety engineers",PA,149410.57167948718,3,Wage
architectural and engineering managers,PA,138541.7607968254,4,Wage
nurse anesthetists,PA,138101.74207385126,5,Wage
"lawyers, and judges, magistrates, and other judicial workers",PA,124437.40611742521,6,Wage
aircraft pilots and flight engineers,PA,120864.29955312023,7,Wage
"medical scientists, and life scientists, all other",PA,118536.72353419023,8,Wage
veterinarians,PA,118058.44146013244,9,Wage
aerospace engineers,PA,116710.8144973913,10,Wage
"butchers and other meat, poultry, and fish processing workers",RI,216763.8396862745,1,Wage
physicians and surgeons,RI,206366.71978914726,2,Wage
physician assistants,RI,205259.12,3,Wage
"geological and petroleum technicians, and nuclear technicians",RI,202255.32799999998,4,Wage
advertising sales agents,RI,201165.90238993708,5,Wage
dentists,RI,200262.1576074766,6,Wage
chief executives and legislators,RI,170149.1288466183,7,Wage
miscellaneous plant and system operators,RI,168212.35199999998,8,Wage
database administrators,RI,143170.24004199475,9,Wage
astronomers and physicists,RI,137173.168,10,Wage
physicians and surgeons,SC,203599.39764067795,1,Wage
chief executives and legislators,SC,158782.1433396892,2,Wage
conservation scientists and foresters,SC,150528.59296860982,3,Wage
new accounts clerks,SC,150189.59999999998,4,Wage
dentists,SC,147221.79892061325,5,Wage
astronomers and physicists,SC,145183.28,6,Wage
chiropractors,SC,141357.93805128202,7,Wage
financial examiners,SC,140176.96,8,Wage
statistical assistants,SC,135170.63999999998,9,Wage
"lawyers, and judges, magistrates, and other judicial workers",SC,126475.59856278896,10,Wage
nurse anesthetists,SD,192217.4845583524,1,Wage
physicians and surgeons,SD,190615.63399999996,2,Wage
tax preparers,SD,175221.19999999998,3,Wage
chief executives and legislators,SD,152064.01708892922,4,Wage
logging workers,SD,138836.492277551,5,Wage
aircraft pilots and flight engineers,SD,118664.6248695652,6,Wage
"lawyers, and judges, magistrates, and other judicial workers",SD,116722.74006761324,7,Wage
information security analysts,SD,110139.04,8,Wage
agricultural and food science technicians,SD,107151.55523127035,9,Wage
environmental engineers,SD,105132.71999999999,10,Wage
podiatrists,TN,390492.96,1,Wage
optometrists,TN,202131.84772117963,2,Wage
physicians and surgeons,TN,176816.66194332647,3,Wage
actuaries,TN,165208.56,4,Wage
aircraft pilots and flight engineers,TN,156901.2656837803,5,Wage
chief executives and legislators,TN,150766.2164571546,6,Wage
"archivists, curators, and museum technicians",TN,129058.18052173911,7,Wage
pharmacists,TN,118794.10245595417,8,Wage
architectural and engineering managers,TN,116348.53556355326,9,Wage
dentists,TN,116257.96028636707,10,Wage
podiatrists,TX,231794.79582002902,1,Wage
physicians and surgeons,TX,221749.84626179494,2,Wage
economists,TX,190899.2880502242,3,Wage
chief executives and legislators,TX,176735.96930349118,4,Wage
environmental scientists and geoscientists,TX,168265.6859861275,5,Wage
nurse anesthetists,TX,164260.88845953,6,Wage
architectural and engineering managers,TX,163038.77672747234,7,Wage
"petroleum, mining and geological engineers, including mining safety engineers",TX,157431.07273276855,8,Wage
astronomers and physicists,TX,142915.35672289153,9,Wage
"lawyers, and judges, magistrates, and other judicial workers",TX,137512.75927254808,10,Wage
podiatrists,UT,362457.56799999997,1,Wage
physicians and surgeons,UT,242125.172211216,2,Wage
veterinarians,UT,169737.89181108828,3,Wage
physical therapists,UT,159831.26889117318,4,Wage
sales engineers,UT,153404.66788990822,5,Wage
parts salespersons,UT,146886.66058347977,6,Wage
architectural and engineering managers,UT,144829.27109234827,7,Wage
chief executives and legislators,UT,143922.1835657515,8,Wage
nurse anesthetists,UT,142463.0317876106,9,Wage
aircraft pilots and flight engineers,UT,138140.59326493662,10,Wage
biomedical and agricultural engineers,VA,246742.86180392152,1,Wage
nurse anesthetists,VA,214371.66901742158,2,Wage
physicians and surgeons,VA,202520.4697207298,3,Wage
natural sciences managers,VA,190240.15999999997,4,Wage
chief executives and legislators,VA,160909.3196296588,5,Wage
"lawyers, and judges, magistrates, and other judicial workers",VA,154550.33255701844,6,Wage
economists,VA,150596.28306426734,7,Wage
architectural and engineering managers,VA,141643.01486671742,8,Wage
radiation therapists,VA,135023.55166017698,9,Wage
"securities, commodities, and financial services sales agents",VA,131964.23046359446,10,Wage
control and valve installers and repairers,VT,358452.512,1,Wage
dentists,VT,255891.92796444442,2,Wage
human resources managers,VT,178274.45202891564,3,Wage
physicians and surgeons,VT,163227.85905470702,4,Wage
"sales and related workers, all other",VT,158935.48933333333,5,Wage
"physical scientists, all other",VT,122154.208,6,Wage
natural sciences managers,VT,120151.68,7,Wage
elevator installers and repairers,VT,120151.68,8,Wage
pharmacy aides,VT,119150.416,9,Wage
air traffic controllers and airfield operations specialists,VT,108136.512,10,Wage
physicians and surgeons,WA,208969.55765731918,1,Wage
astronomers and physicists,WA,195246.47999999998,2,Wage
computer and information research scientists,WA,172678.385980198,3,Wage
chief executives and legislators,WA,165244.63360613456,4,Wage
architectural and engineering managers,WA,159665.7740208478,5,Wage
nurse anesthetists,WA,152038.78126126126,6,Wage
dentists,WA,147676.05206742595,7,Wage
"power plant operators, distributors, and dispatchers",WA,137558.914599665,8,Wage
"lawyers, and judges, magistrates, and other judicial workers",WA,135065.04501628893,9,Wage
aircraft pilots and flight engineers,WA,133276.716779417,10,Wage
physicians and surgeons,WI,246707.45827213404,1,Wage
dentists,WI,204359.6511733333,2,Wage
aircraft pilots and flight engineers,WI,159518.78861016946,3,Wage
chief executives and legislators,WI,139010.3489494116,4,Wage
"lawyers, and judges, magistrates, and other judicial workers",WI,126791.38789741545,5,Wage
podiatrists,WI,125157.99999999999,6,Wage
"petroleum, mining and geological engineers, including mining safety engineers",WI,120151.68000000001,7,Wage
architectural and engineering managers,WI,119882.98166092878,8,Wage
"compensation, benefits, and job analysis specialists",WI,110503.43050545236,9,Wage
pharmacists,WI,101582.56011806041,10,Wage
sales engineers,WV,283357.712,1,Wage
physicians and surgeons,WV,184769.08602509013,2,Wage
nurse anesthetists,WV,165208.56,3,Wage
air traffic controllers and airfield operations specialists,WV,160202.24,4,Wage
"architects, except naval",WV,141521.06926070037,5,Wage
physician assistants,WV,131893.57236689038,6,Wage
chemical engineers,WV,121330.29793721972,7,Wage
computer network architects,WV,120151.68,8,Wage
chief executives and legislators,WV,120014.84833039442,9,Wage
network and computer systems administrators,WV,106841.09134463278,10,Wage
private detectives and investigators,WY,425537.19999999995,1,Wage
purchasing managers,WY,294238.7952653061,2,Wage
optometrists,WY,284057.31312820513,3,Wage
administrative services managers,WY,228517.05234285712,4,Wage
physicians and surgeons,WY,211536.30087073008,5,Wage
dentists,WY,199018.78603508772,6,Wage
insurance sales agents,WY,166100.99095652174,7,Wage
mechanical engineers,WY,159857.67546558703,8,Wage
medical and health services managers,WY,142101.47540613494,9,Wage
"nurse practitioners, and nurse midwives",WY,127661.15999999999,10,Wage
