ind,stab,value,ord,tp
Medical,All,17253898,1,Total
Professional,All,17049064,2,Total
Retail,All,16730547,3,Total
Manufacturing,All,15470156,4,Total
Entertainment,All,14705265,5,Total
Education,All,13811856,6,Total
Finance,All,9844762,7,Total
Construction,All,9651454,8,Total
Personal Service,All,7272986,9,Total
Transportation,All,6435474,10,Total
Medical,AK,39752,1,Total
Retail,AK,37833,2,Total
Entertainment,AK,34322,3,Total
Government,AK,32424,4,Total
Education,AK,31972,5,Total
Military,AK,29694,6,Total
Construction,AK,27913,7,Total
Professional,AK,26279,8,Total
Transportation,AK,24887,9,Total
Personal Service,AK,17534,10,Total
Manufacturing,AL,290294,1,Total
Medical,AL,247278,2,Total
Retail,AL,234887,3,Total
Professional,AL,193228,4,Total
Education,AL,185641,5,Total
Entertainment,AL,169472,6,Total
Construction,AL,131324,7,Total
Finance,AL,109228,8,Total
Personal Service,AL,102763,9,Total
Transportation,AL,80398,10,Total
Manufacturing,AR,181936,1,Total
Retail,AR,172061,2,Total
Medical,AR,160516,3,Total
Education,AR,122571,4,Total
Entertainment,AR,91684,5,Total
Professional,AR,87771,6,Total
Construction,AR,85667,7,Total
Personal Service,AR,59255,8,Total
Government,AR,57383,9,Total
Transportation,AR,56035,10,Total
Retail,AZ,353083,1,Total
Professional,AZ,352217,2,Total
Entertainment,AZ,334208,3,Total
Medical,AZ,322714,4,Total
Education,AZ,249367,5,Total
Finance,AZ,238463,6,Total
Manufacturing,AZ,212257,7,Total
Construction,AZ,202181,8,Total
Personal Service,AZ,137685,9,Total
Government,AZ,132487,10,Total
Professional,CA,2395301,1,Total
Entertainment,CA,1909808,2,Total
Retail,CA,1870066,3,Total
Medical,CA,1747564,4,Total
Manufacturing,CA,1708613,5,Total
Education,CA,1525809,6,Total
Construction,CA,1113331,7,Total
Finance,CA,1095036,8,Total
Personal Service,CA,948407,9,Total
Transportation,CA,761813,10,Total
Professional,CO,389692,1,Total
Retail,CO,300566,2,Total
Entertainment,CO,285017,3,Total
Medical,CO,276811,4,Total
Education,CO,243320,5,Total
Construction,CO,215378,6,Total
Finance,CO,191085,7,Total
Manufacturing,CO,182389,8,Total
Personal Service,CO,140892,9,Total
Government,CO,106131,10,Total
Medical,CT,223861,1,Total
Professional,CT,204358,2,Total
Education,CT,193207,3,Total
Manufacturing,CT,190419,4,Total
Retail,CT,189897,5,Total
Finance,CT,172195,6,Total
Entertainment,CT,149211,7,Total
Construction,CT,108667,8,Total
Personal Service,CT,78007,9,Total
Government,CT,65656,10,Total
Professional,DC,84846,1,Total
Government,DC,42233,2,Total
Education,DC,40498,3,Total
Entertainment,DC,38742,4,Total
Personal Service,DC,30833,5,Total
Finance,DC,23096,6,Total
Medical,DC,22835,7,Total
Military,DC,21432,8,Total
Retail,DC,16782,9,Total
Information,DC,14521,10,Total
Medical,DE,57342,1,Total
Retail,DE,52601,2,Total
Entertainment,DE,46913,3,Total
Professional,DE,45467,4,Total
Finance,DE,44844,5,Total
Education,DE,43696,6,Total
Manufacturing,DE,33925,7,Total
Construction,DE,28694,8,Total
Government,DE,22187,9,Total
Personal Service,DE,17796,10,Total
Professional,FL,1173944,1,Total
Retail,FL,1142688,2,Total
Entertainment,FL,1117969,3,Total
Medical,FL,1044318,4,Total
Finance,FL,709653,5,Total
Education,FL,684888,6,Total
Construction,FL,648709,7,Total
Manufacturing,FL,466912,8,Total
Personal Service,FL,466038,9,Total
Transportation,FL,387006,10,Total
Professional,GA,546600,1,Total
Retail,GA,528322,2,Total
Manufacturing,GA,503848,3,Total
Medical,GA,450548,4,Total
Education,GA,438261,5,Total
Entertainment,GA,420610,6,Total
Construction,GA,299994,7,Total
Finance,GA,284230,8,Total
Personal Service,GA,236775,9,Total
Transportation,GA,234928,10,Total
Entertainment,HI,105190,1,Total
Retail,HI,71846,2,Total
Professional,HI,67823,3,Total
Military,HI,66561,4,Total
Medical,HI,61909,5,Total
Education,HI,61244,6,Total
Construction,HI,54456,7,Total
Finance,HI,46454,8,Total
Government,HI,36763,9,Total
Transportation,HI,33448,10,Total
Manufacturing,IA,249104,1,Total
Retail,IA,183866,2,Total
Medical,IA,180354,3,Total
Education,IA,162264,4,Total
Finance,IA,121788,5,Total
Entertainment,IA,117524,6,Total
Professional,IA,117060,7,Total
Construction,IA,104625,8,Total
Personal Service,IA,61660,9,Total
Agriculture,IA,59466,10,Total
Medical,ID,88832,1,Total
Retail,ID,84320,2,Total
Professional,ID,78241,3,Total
Manufacturing,ID,73319,4,Total
Education,ID,69086,5,Total
Entertainment,ID,66893,6,Total
Construction,ID,48371,7,Total
Finance,ID,36980,8,Total
Personal Service,ID,36543,9,Total
Agriculture,ID,35052,10,Total
Manufacturing,IL,758277,1,Total
Professional,IL,729131,2,Total
Medical,IL,696725,3,Total
Retail,IL,645885,4,Total
Entertainment,IL,570966,5,Total
Education,IL,569649,6,Total
Finance,IL,452871,7,Total
Transportation,IL,344555,8,Total
Construction,IL,320127,9,Total
Personal Service,IL,274745,10,Total
Manufacturing,IN,583363,1,Total
Medical,IN,357404,2,Total
Retail,IN,350524,3,Total
Education,IN,285513,4,Total
Entertainment,IN,277599,5,Total
Professional,IN,254085,6,Total
Construction,IN,179705,7,Total
Finance,IN,163571,8,Total
Personal Service,IN,137240,9,Total
Transportation,IN,132910,10,Total
Manufacturing,KS,169086,1,Total
Medical,KS,168783,2,Total
Retail,KS,159581,3,Total
Education,KS,145574,4,Total
Professional,KS,139601,5,Total
Entertainment,KS,114814,6,Total
Construction,KS,94828,7,Total
Finance,KS,86828,8,Total
Personal Service,KS,64154,9,Total
Transportation,KS,55777,10,Total
Manufacturing,KY,281757,1,Total
Medical,KY,232998,2,Total
Retail,KY,230203,3,Total
Education,KY,182927,4,Total
Entertainment,KY,168910,5,Total
Professional,KY,153354,6,Total
Construction,KY,107687,7,Total
Finance,KY,106926,8,Total
Transportation,KY,101642,9,Total
Personal Service,KY,89359,10,Total
Medical,LA,254260,1,Total
Retail,LA,225042,2,Total
Entertainment,LA,218330,3,Total
Education,LA,189411,4,Total
Professional,LA,184287,5,Total
Construction,LA,160766,6,Total
Manufacturing,LA,158935,7,Total
Personal Service,LA,109011,8,Total
Finance,LA,105923,9,Total
Government,LA,101113,10,Total
Medical,MA,476818,1,Total
Professional,MA,474832,2,Total
Education,MA,409953,3,Total
Retail,MA,366407,4,Total
Entertainment,MA,316799,5,Total
Manufacturing,MA,314824,6,Total
Finance,MA,260051,7,Total
Construction,MA,190574,8,Total
Personal Service,MA,152132,9,Total
Government,MA,118373,10,Total
Professional,MD,469846,1,Total
Medical,MD,335119,2,Total
Education,MD,297867,3,Total
Retail,MD,289214,4,Total
Entertainment,MD,272558,5,Total
Government,MD,232487,6,Total
Construction,MD,204489,7,Total
Finance,MD,179644,8,Total
Personal Service,MD,161337,9,Total
Manufacturing,MD,139110,10,Total
Medical,ME,97030,1,Total
Retail,ME,87782,2,Total
Education,ME,69031,3,Total
Entertainment,ME,59022,4,Total
Manufacturing,ME,57192,5,Total
Professional,ME,53803,6,Total
Construction,ME,46374,7,Total
Finance,ME,40244,8,Total
Personal Service,ME,28332,9,Total
Government,ME,23160,10,Total
Manufacturing,MI,807957,1,Total
Medical,MI,576046,2,Total
Retail,MI,501326,3,Total
Entertainment,MI,432503,4,Total
Professional,MI,431972,5,Total
Education,MI,399661,6,Total
Finance,MI,245862,7,Total
Construction,MI,232412,8,Total
Personal Service,MI,198797,9,Total
Transportation,MI,161281,10,Total
Manufacturing,MN,389898,1,Total
Medical,MN,371986,2,Total
Retail,MN,317614,3,Total
Professional,MN,277135,4,Total
Education,MN,257214,5,Total
Entertainment,MN,244537,6,Total
Finance,MN,216759,7,Total
Construction,MN,182062,8,Total
Personal Service,MN,131974,9,Total
Transportation,MN,112605,10,Total
Medical,MO,352081,1,Total
Manufacturing,MO,339363,2,Total
Retail,MO,323813,3,Total
Professional,MO,278684,4,Total
Entertainment,MO,270321,5,Total
Education,MO,262522,6,Total
Finance,MO,194044,7,Total
Construction,MO,188537,8,Total
Transportation,MO,135285,9,Total
Personal Service,MO,130496,10,Total
Manufacturing,MS,165034,1,Total
Medical,MS,156913,2,Total
Retail,MS,137607,3,Total
Education,MS,116441,4,Total
Entertainment,MS,109758,5,Total
Construction,MS,82367,6,Total
Professional,MS,81540,7,Total
Finance,MS,59525,8,Total
Transportation,MS,56905,9,Total
Government,MS,55490,10,Total
Medical,MT,57923,1,Total
Retail,MT,54435,2,Total
Entertainment,MT,47886,3,Total
Education,MT,46748,4,Total
Construction,MT,44556,5,Total
Professional,MT,37262,6,Total
Government,MT,29880,7,Total
Finance,MT,28073,8,Total
Agriculture,MT,24435,9,Total
Personal Service,MT,24034,10,Total
Manufacturing,NC,575609,1,Total
Medical,NC,539500,2,Total
Retail,NC,526090,3,Total
Professional,NC,483863,4,Total
Entertainment,NC,432308,5,Total
Education,NC,411235,6,Total
Construction,NC,327517,7,Total
Finance,NC,287455,8,Total
Personal Service,NC,213764,9,Total
Government,NC,163770,10,Total
Retail,ND,45992,1,Total
Medical,ND,45469,2,Total
Education,ND,38328,3,Total
Construction,ND,31696,4,Total
Entertainment,ND,29139,5,Total
Professional,ND,28032,6,Total
Manufacturing,ND,25670,7,Total
Finance,ND,22878,8,Total
Agriculture,ND,21858,9,Total
Personal Service,ND,20439,10,Total
Retail,NE,116573,1,Total
Medical,NE,114148,2,Total
Manufacturing,NE,106327,3,Total
Education,NE,89666,4,Total
Professional,NE,81966,5,Total
Finance,NE,77828,6,Total
Entertainment,NE,76250,7,Total
Construction,NE,72487,8,Total
Transportation,NE,41447,9,Total
Agriculture,NE,38688,10,Total
Medical,NH,97914,1,Total
Manufacturing,NH,93901,2,Total
Retail,NH,80925,3,Total
Professional,NH,77605,4,Total
Education,NH,72007,5,Total
Entertainment,NH,56734,6,Total
Construction,NH,49842,7,Total
Finance,NH,43704,8,Total
Personal Service,NH,30577,9,Total
Government,NH,21832,10,Total
Professional,NJ,574451,1,Total
Medical,NJ,504506,2,Total
Retail,NJ,475947,3,Total
Education,NJ,432967,4,Total
Entertainment,NJ,382112,5,Total
Finance,NJ,372769,6,Total
Manufacturing,NJ,352610,7,Total
Construction,NJ,260501,8,Total
Transportation,NJ,220430,9,Total
Personal Service,NJ,191945,10,Total
Professional,NM,104819,1,Total
Medical,NM,103708,2,Total
Entertainment,NM,100116,3,Total
Retail,NM,98625,4,Total
Education,NM,94408,5,Total
Construction,NM,64111,6,Total
Government,NM,53663,7,Total
Personal Service,NM,42224,8,Total
Finance,NM,36505,9,Total
Manufacturing,NM,34153,10,Total
Entertainment,NV,343200,1,Total
Retail,NV,154435,2,Total
Professional,NV,150653,3,Total
Medical,NV,93714,4,Total
Education,NV,88278,5,Total
Construction,NV,81595,6,Total
Finance,NV,81424,7,Total
Personal Service,NV,60572,8,Total
Transportation,NV,58964,9,Total
Manufacturing,NV,56375,10,Total
Medical,NY,1235396,1,Total
Professional,NY,1107237,2,Total
Education,NY,1037492,3,Total
Retail,NY,945456,4,Total
Entertainment,NY,928740,5,Total
Finance,NY,730609,6,Total
Manufacturing,NY,585217,7,Total
Construction,NY,539859,8,Total
Personal Service,NY,478183,9,Total
Transportation,NY,454684,10,Total
Manufacturing,OH,858740,1,Total
Medical,OH,725649,2,Total
Retail,OH,623248,3,Total
Professional,OH,514438,4,Total
Entertainment,OH,507839,5,Total
Education,OH,462978,6,Total
Finance,OH,353995,7,Total
Construction,OH,275708,8,Total
Personal Service,OH,240382,9,Total
Transportation,OH,231833,10,Total
Retail,OK,200858,1,Total
Medical,OK,187170,2,Total
Entertainment,OK,173169,3,Total
Manufacturing,OK,165548,4,Total
Education,OK,154420,5,Total
Professional,OK,146893,6,Total
Construction,OK,130209,7,Total
Finance,OK,103066,8,Total
Personal Service,OK,89538,9,Total
Government,OK,82315,10,Total
Medical,OR,226091,1,Total
Retail,OR,217813,2,Total
Professional,OR,215676,3,Total
Manufacturing,OR,213087,4,Total
Entertainment,OR,187497,5,Total
Education,OR,157249,6,Total
Construction,OR,109774,7,Total
Finance,OR,102860,8,Total
Personal Service,OR,86802,9,Total
Government,OR,79633,10,Total
Medical,PA,843134,1,Total
Manufacturing,PA,732305,2,Total
Retail,PA,671973,3,Total
Professional,PA,631751,4,Total
Education,PA,560340,5,Total
Entertainment,PA,528280,6,Total
Finance,PA,370022,7,Total
Construction,PA,348348,8,Total
Personal Service,PA,283280,9,Total
Transportation,PA,273371,10,Total
Medical,RI,74095,1,Total
Retail,RI,61189,2,Total
Manufacturing,RI,60411,3,Total
Education,RI,57401,4,Total
Entertainment,RI,56246,5,Total
Professional,RI,48974,6,Total
Finance,RI,36462,7,Total
Construction,RI,26841,8,Total
Personal Service,RI,20849,9,Total
Government,RI,19637,10,Total
Manufacturing,SC,304370,1,Total
Retail,SC,252604,2,Total
Medical,SC,241917,3,Total
Entertainment,SC,224555,4,Total
Professional,SC,216065,5,Total
Education,SC,192321,6,Total
Construction,SC,135555,7,Total
Finance,SC,123240,8,Total
Personal Service,SC,107328,9,Total
Government,SC,82710,10,Total
Medical,SD,50395,1,Total
Manufacturing,SD,45931,2,Total
Retail,SD,43375,3,Total
Entertainment,SD,38277,4,Total
Education,SD,35804,5,Total
Construction,SD,34530,6,Total
Finance,SD,31957,7,Total
Professional,SD,31021,8,Total
Agriculture,SD,27003,9,Total
Personal Service,SD,18184,10,Total
Manufacturing,TN,386480,1,Total
Medical,TN,355914,2,Total
Retail,TN,355172,3,Total
Professional,TN,303768,4,Total
Entertainment,TN,287452,5,Total
Education,TN,257195,6,Total
Construction,TN,178051,7,Total
Finance,TN,173677,8,Total
Transportation,TN,162172,9,Total
Personal Service,TN,153723,10,Total
Retail,TX,1448676,1,Total
Professional,TX,1436859,2,Total
Medical,TX,1305070,3,Total
Education,TX,1163791,4,Total
Entertainment,TX,1146411,5,Total
Manufacturing,TX,1108534,6,Total
Construction,TX,1032455,7,Total
Finance,TX,844362,8,Total
Personal Service,TX,644886,9,Total
Transportation,TX,616891,10,Total
Retail,UT,169833,1,Total
Professional,UT,167341,2,Total
Manufacturing,UT,154580,3,Total
Education,UT,145414,4,Total
Medical,UT,129204,5,Total
Entertainment,UT,128352,6,Total
Construction,UT,98734,7,Total
Finance,UT,92649,8,Total
Personal Service,UT,65521,9,Total
Government,UT,57358,10,Total
Professional,VA,605102,1,Total
Retail,VA,430640,2,Total
Medical,VA,405267,3,Total
Education,VA,388604,4,Total
Entertainment,VA,377959,5,Total
Manufacturing,VA,293194,6,Total
Construction,VA,263316,7,Total
Military,VA,260425,8,Total
Finance,VA,259327,9,Total
Personal Service,VA,218072,10,Total
Retail,VT,40829,1,Total
Education,VT,39915,2,Total
Medical,VT,39080,3,Total
Manufacturing,VT,38503,4,Total
Entertainment,VT,31844,5,Total
Professional,VT,28760,6,Total
Construction,VT,22970,7,Total
Finance,VT,18218,8,Total
Community Services,VT,11730,9,Total
Personal Service,VT,11711,10,Total
Professional,WA,429721,1,Total
Retail,WA,384380,2,Total
Medical,WA,365952,3,Total
Manufacturing,WA,349432,4,Total
Entertainment,WA,313386,5,Total
Education,WA,290398,6,Total
Construction,WA,222687,7,Total
Finance,WA,185203,8,Total
Personal Service,WA,161627,9,Total
Transportation,WA,160992,10,Total
Manufacturing,WI,543818,1,Total
Medical,WI,367181,2,Total
Retail,WI,335790,3,Total
Entertainment,WI,264357,4,Total
Education,WI,252592,5,Total
Professional,WI,252374,6,Total
Finance,WI,173673,7,Total
Construction,WI,160941,8,Total
Personal Service,WI,127064,9,Total
Transportation,WI,99659,10,Total
Medical,WV,121508,1,Total
Retail,WV,89535,2,Total
Education,WV,72679,3,Total
Entertainment,WV,64810,4,Total
Professional,WV,63029,5,Total
Manufacturing,WV,56057,6,Total
Construction,WV,49880,7,Total
Government,WV,45402,8,Total
Personal Service,WV,30577,9,Total
Finance,WV,30407,10,Total
Entertainment,WY,34666,1,Total
Retail,WY,32338,2,Total
Education,WY,32039,3,Total
Extraction,WY,28009,4,Total
Medical,WY,23196,5,Total
Professional,WY,20307,6,Total
Government,WY,19969,7,Total
Construction,WY,19618,8,Total
Personal Service,WY,14094,9,Total
Finance,WY,11699,10,Total
Extraction,All,83684.47370577333,1,Wage
Utility,All,73244.57441498496,2,Wage
Finance,All,68488.32739715406,3,Wage
Information,All,65427.027831052954,4,Wage
Professional,All,57655.46429412923,5,Wage
Wholesale,All,57636.02334486397,6,Wage
Military,All,57506.13841301177,7,Wage
Government,All,57461.97349445969,8,Wage
Manufacturing,All,56858.79159971276,9,Wage
Medical,All,52425.22484372157,10,Wage
Extraction,AK,115492.47838131635,1,Wage
Transportation,AK,65454.97162023547,2,Wage
Government,AK,62848.33396345423,3,Wage
Wholesale,AK,58966.437613851194,4,Wage
Utility,AK,57758.56816145896,5,Wage
Manufacturing,AK,57464.55874932017,6,Wage
Professional,AK,56895.250358811216,7,Wage
Medical,AK,52357.97407095994,8,Wage
Construction,AK,51179.792480865544,9,Wage
Military,AK,46714.41802772277,10,Wage
Extraction,AL,81628.34369717924,1,Wage
Utility,AL,72136.14084520041,2,Wage
Military,AL,71451.80760126693,3,Wage
Finance,AL,51726.6412581697,4,Wage
Government,AL,48855.038597729465,5,Wage
Professional,AL,48816.085705424885,6,Wage
Wholesale,AL,48437.34188978316,7,Wage
Information,AL,47625.91117757476,8,Wage
Manufacturing,AL,47185.6705173883,9,Wage
Medical,AL,44875.05715812195,10,Wage
Extraction,AR,78977.05575749776,1,Wage
Utility,AR,66920.36899127379,2,Wage
Wholesale,AR,56416.69483977031,3,Wage
Finance,AR,50661.37522456582,4,Wage
Medical,AR,47135.014984374386,5,Wage
Transportation,AR,46557.93796517177,6,Wage
Information,AR,45720.468352216885,7,Wage
Manufacturing,AR,42847.344949634156,8,Wage
Military,AR,41269.22154555315,9,Wage
Professional,AR,39935.91309883583,10,Wage
Extraction,AZ,69551.19143136634,1,Wage
Utility,AZ,68135.52600003644,2,Wage
Manufacturing,AZ,59604.36629907782,3,Wage
Finance,AZ,54251.87700898906,4,Wage
Government,AZ,53943.05050142096,5,Wage
Military,AZ,53365.56551086727,6,Wage
Medical,AZ,52159.67599728502,7,Wage
Wholesale,AZ,52133.3910833213,8,Wage
Information,AZ,47781.2643398203,9,Wage
Professional,AZ,45288.8749471327,10,Wage
Utility,CA,85781.79253843914,1,Wage
Information,CA,84430.58363133275,2,Wage
Extraction,CA,76317.42332282297,3,Wage
Finance,CA,70977.83291813836,4,Wage
Manufacturing,CA,65392.10164967444,5,Wage
Government,CA,65233.4437738463,6,Wage
Professional,CA,61903.313045369214,7,Wage
Medical,CA,59266.59099945121,8,Wage
Wholesale,CA,55540.617738708635,9,Wage
Military,CA,51073.5325130039,10,Wage
Extraction,CO,100021.85568983154,1,Wage
Utility,CO,72115.1406874311,2,Wage
Information,CO,67198.04886422168,3,Wage
Finance,CO,67131.11697087431,4,Wage
Wholesale,CO,62781.08167446664,5,Wage
Professional,CO,62448.55641487739,6,Wage
Manufacturing,CO,61423.84166446002,7,Wage
Government,CO,59031.45818395153,8,Wage
Medical,CO,54268.976930193094,9,Wage
Military,CO,51674.4954184017,10,Wage
Finance,CT,117891.61349047857,1,Wage
Extraction,CT,112278.81577920883,2,Wage
Utility,CT,101595.77539354283,3,Wage
Information,CT,74159.75989963807,4,Wage
Wholesale,CT,72996.36784881943,5,Wage
Manufacturing,CT,71635.7340968336,6,Wage
Professional,CT,69345.72367004413,7,Wage
Government,CT,66084.31140636285,8,Wage
Medical,CT,57976.86091036705,9,Wage
Education,CT,50590.61971300501,10,Wage
Utility,DC,271443.29037770897,1,Wage
Extraction,DC,146866.25565957447,2,Wage
Manufacturing,DC,107136.1414020457,3,Wage
Information,DC,93607.40667314922,4,Wage
Finance,DC,93372.85134329753,5,Wage
Professional,DC,91173.79795842066,6,Wage
Government,DC,89733.0786353496,7,Wage
Military,DC,83347.69702963791,8,Wage
Personal Service,DC,73245.3423488548,9,Wage
Medical,DC,65557.78122769433,10,Wage
Extraction,DE,90113.76,1,Wage
Utility,DE,79189.01140364383,2,Wage
Wholesale,DE,70651.23299535995,3,Wage
Manufacturing,DE,66371.58143368017,4,Wage
Finance,DE,62150.69416348229,5,Wage
Government,DE,54378.58601408031,6,Wage
Information,DE,54030.074717887925,7,Wage
Professional,DE,52887.053405675324,8,Wage
Medical,DE,51541.431268018554,9,Wage
Military,DE,50776.84820565976,10,Wage
Extraction,FL,73791.76984986717,1,Wage
Utility,FL,62857.05833309261,2,Wage
Finance,FL,56790.429330820334,3,Wage
Military,FL,56335.58639678319,4,Wage
Information,FL,53326.530455344684,5,Wage
Wholesale,FL,53250.930031853466,6,Wage
Manufacturing,FL,53021.654863351716,7,Wage
Government,FL,52371.555828928016,8,Wage
Medical,FL,50450.78495326718,9,Wage
Professional,FL,47167.26190838663,10,Wage
Information,GA,67113.08088503202,1,Wage
Utility,GA,66326.1731164628,2,Wage
Finance,GA,65877.16953417724,3,Wage
Professional,GA,56696.648224693155,4,Wage
Wholesale,GA,55756.69768225839,5,Wage
Medical,GA,51304.257292008835,6,Wage
Manufacturing,GA,49458.39966490687,7,Wage
Extraction,GA,49082.4745430837,8,Wage
Military,GA,48487.499528141016,9,Wage
Government,GA,47672.38325142449,10,Wage
Utility,HI,68597.69295701805,1,Wage
Medical,HI,61593.00200497892,2,Wage
Extraction,HI,60719.232867096776,3,Wage
Military,HI,54933.90161097339,4,Wage
Government,HI,54739.55199577836,5,Wage
Information,HI,51331.86417730094,6,Wage
Finance,HI,49770.02324496146,7,Wage
Construction,HI,48727.98275739679,8,Wage
Professional,HI,47923.178934773154,9,Wage
Wholesale,HI,47612.11182609253,10,Wage
Military,IA,68294.78147544642,1,Wage
Utility,IA,66238.8515069854,2,Wage
Finance,IA,58498.779400583306,3,Wage
Government,IA,54714.996447840465,4,Wage
Extraction,IA,49922.78655419654,5,Wage
Wholesale,IA,49014.39979848671,6,Wage
Manufacturing,IA,47295.8737386987,7,Wage
Information,IA,46914.25279480267,8,Wage
Medical,IA,45374.66787183783,9,Wage
Transportation,IA,43857.688291776365,10,Wage
Extraction,ID,66011.85947823474,1,Wage
Utility,ID,53563.05032493826,2,Wage
Wholesale,ID,48892.591501235634,3,Wage
Government,ID,44753.970360165345,4,Wage
Medical,ID,43929.221411006845,5,Wage
Manufacturing,ID,43426.82264500061,6,Wage
Transportation,ID,42752.01194221897,7,Wage
Professional,ID,42453.12048833118,8,Wage
Military,ID,41339.70162623066,9,Wage
Finance,ID,41173.62324393726,10,Wage
Utility,IL,79563.10575782643,1,Wage
Finance,IL,78526.99359757494,2,Wage
Extraction,IL,66004.62320193113,3,Wage
Government,IL,63625.317137100516,4,Wage
Wholesale,IL,63620.30108095707,5,Wage
Professional,IL,62571.41794826839,6,Wage
Information,IL,59179.51470184021,7,Wage
Manufacturing,IL,59030.928346423905,8,Wage
Medical,IL,52127.63812661856,9,Wage
Military,IL,51469.684617069666,10,Wage
Utility,IN,71796.32620576076,1,Wage
Military,IN,65607.98289536776,2,Wage
Extraction,IN,58509.88019947011,3,Wage
Finance,IN,53410.09014866841,4,Wage
Wholesale,IN,52433.13845929431,5,Wage
Manufacturing,IN,52216.61166379273,6,Wage
Medical,IN,50051.69531404148,7,Wage
Professional,IN,45580.248812541315,8,Wage
Government,IN,45033.314594440824,9,Wage
Construction,IN,43083.45236849459,10,Wage
Utility,KS,69574.87485946211,1,Wage
Information,KS,64430.285172225806,2,Wage
Finance,KS,60747.697853590085,3,Wage
Wholesale,KS,56371.547206274234,4,Wage
Extraction,KS,54489.86605158644,5,Wage
Professional,KS,51008.199391039314,6,Wage
Military,KS,50427.96800398457,7,Wage
Government,KS,49777.015565678856,8,Wage
Manufacturing,KS,49065.79358383402,9,Wage
Medical,KS,48679.89282710131,10,Wage
Extraction,KY,62861.35834119593,1,Wage
Utility,KY,56264.36284946641,2,Wage
Finance,KY,54517.169042742826,3,Wage
Wholesale,KY,52705.08837589351,4,Wage
Medical,KY,48945.4861494042,5,Wage
Manufacturing,KY,47747.49353472275,6,Wage
Professional,KY,45027.13850125801,7,Wage
Government,KY,44903.30211308727,8,Wage
Military,KY,43504.169963510365,9,Wage
Information,KY,41032.11092108172,10,Wage
Extraction,LA,82294.90519181888,1,Wage
Manufacturing,LA,62255.724559984395,2,Wage
Utility,LA,61390.168407146724,3,Wage
Wholesale,LA,61176.8224572906,4,Wage
Finance,LA,52663.11743868281,5,Wage
Transportation,LA,49667.133170541514,6,Wage
Military,LA,48767.58512023668,7,Wage
Medical,LA,46876.58666831558,8,Wage
Professional,LA,46366.734741626264,9,Wage
Government,LA,45619.323438204774,10,Wage
Finance,MA,91169.39668066833,1,Wage
Utility,MA,83685.77938656365,2,Wage
Information,MA,79070.32594235937,3,Wage
Extraction,MA,74769.13860556173,4,Wage
Professional,MA,73614.55202809583,5,Wage
Manufacturing,MA,73141.25262607628,6,Wage
Government,MA,70405.42679372086,7,Wage
Wholesale,MA,67790.94144930072,8,Wage
Military,MA,65684.69189743305,9,Wage
Medical,MA,58909.20222087756,10,Wage
Military,MD,83860.77921483864,1,Wage
Government,MD,78849.8963837806,2,Wage
Finance,MD,74414.58712920219,3,Wage
Utility,MD,74290.29947301073,4,Wage
Professional,MD,73563.25072123227,5,Wage
Information,MD,70799.81059938828,6,Wage
Manufacturing,MD,69132.95140172582,7,Wage
Wholesale,MD,62324.95475487342,8,Wage
Medical,MD,60189.11158468054,9,Wage
Education,MD,50507.675331040606,10,Wage
Extraction,ME,166772.76642060085,1,Wage
Utility,ME,62063.24585358919,2,Wage
Finance,ME,55279.789420773275,3,Wage
Military,ME,54017.39411225526,4,Wage
Professional,ME,49994.33306840733,5,Wage
Medical,ME,49689.527821158816,6,Wage
Wholesale,ME,48875.095066173846,7,Wage
Government,ME,46873.19840315716,8,Wage
Manufacturing,ME,45866.55474565393,9,Wage
Transportation,ME,41273.860159646174,10,Wage
Utility,MI,82221.44609209405,1,Wage
Military,MI,70211.49113806718,2,Wage
Extraction,MI,63359.59353275675,3,Wage
Manufacturing,MI,58747.42135265515,4,Wage
Finance,MI,57515.6822092979,5,Wage
Wholesale,MI,52718.95733486448,6,Wage
Government,MI,50605.39679786018,7,Wage
Information,MI,50599.53942469061,8,Wage
Medical,MI,47206.86561903903,9,Wage
Professional,MI,46795.589102949634,10,Wage
Extraction,MN,73570.59778358458,1,Wage
Utility,MN,72597.53937619072,2,Wage
Finance,MN,69660.74687786232,3,Wage
Military,MN,62298.441043003404,4,Wage
Wholesale,MN,60508.16227459665,5,Wage
Manufacturing,MN,60374.113222074695,6,Wage
Professional,MN,58504.052568148225,7,Wage
Medical,MN,56737.114605657196,8,Wage
Government,MN,55953.7643996424,9,Wage
Information,MN,52435.293494092446,10,Wage
Utility,MO,65272.56488361934,1,Wage
Extraction,MO,62459.015197333334,2,Wage
Finance,MO,56226.36521603017,3,Wage
Wholesale,MO,52876.033798346114,4,Wage
Professional,MO,52699.87901643783,5,Wage
Manufacturing,MO,52023.32651438984,6,Wage
Information,MO,51002.28770442874,7,Wage
Medical,MO,46463.39697363959,8,Wage
Transportation,MO,44633.913921020656,9,Wage
Government,MO,44444.50881153952,10,Wage
Extraction,MS,92766.6208728911,1,Wage
Utility,MS,58108.28750591942,2,Wage
Medical,MS,44583.32863920873,3,Wage
Finance,MS,44335.30717658799,4,Wage
Wholesale,MS,44312.938889276185,5,Wage
Transportation,MS,43196.96873271311,6,Wage
Manufacturing,MS,40208.19498197074,7,Wage
Military,MS,40110.301249765966,8,Wage
Government,MS,39611.10091787349,9,Wage
Professional,MS,38574.6152058494,10,Wage
Extraction,MT,87041.1349652872,1,Wage
Utility,MT,81942.35234108222,2,Wage
Information,MT,52355.21051395683,3,Wage
Government,MT,48932.88419555555,4,Wage
Medical,MT,48695.10549276798,5,Wage
Professional,MT,48568.48122114755,6,Wage
Transportation,MT,48033.32488337202,7,Wage
Wholesale,MT,45500.91542563303,8,Wage
Finance,MT,44926.62259058882,9,Wage
Military,MT,42712.71488632461,10,Wage
Extraction,NC,97115.14767716595,1,Wage
Utility,NC,67260.80388400894,2,Wage
Finance,NC,66106.99988255832,3,Wage
Information,NC,58119.732229861685,4,Wage
Wholesale,NC,51894.3800050148,5,Wage
Professional,NC,51686.969244957014,6,Wage
Medical,NC,50831.206866048116,7,Wage
Manufacturing,NC,50087.11501501276,8,Wage
Government,NC,47092.93099368822,9,Wage
Military,NC,46227.97871071915,10,Wage
Extraction,ND,80851.23517959738,1,Wage
Utility,ND,69994.12051736962,2,Wage
Finance,ND,59322.71686140396,3,Wage
Transportation,ND,57613.2704885769,4,Wage
Wholesale,ND,51449.47631612736,5,Wage
Government,ND,49395.1286704559,6,Wage
Information,ND,48635.83824679536,7,Wage
Medical,ND,46491.1547310352,8,Wage
Manufacturing,ND,46411.85113692247,9,Wage
Construction,ND,46366.21179303886,10,Wage
Utility,NE,68542.05816605943,1,Wage
Military,NE,67000.05839401884,2,Wage
Wholesale,NE,59632.46816798041,3,Wage
Extraction,NE,58605.958384728845,4,Wage
Transportation,NE,55276.93555667721,5,Wage
Finance,NE,54465.46299166367,6,Wage
Information,NE,50436.53849585763,7,Wage
Professional,NE,47735.54447980089,8,Wage
Medical,NE,46449.707537418784,9,Wage
Manufacturing,NE,46425.898218493516,10,Wage
Extraction,NH,112034.63921048866,1,Wage
Utility,NH,79336.42539974456,2,Wage
Finance,NH,71304.73259088413,3,Wage
Wholesale,NH,66803.00693981198,4,Wage
Professional,NH,66287.8961591382,5,Wage
Manufacturing,NH,65335.73567140712,6,Wage
Transportation,NH,57670.267566611146,7,Wage
Government,NH,55590.55610194211,8,Wage
Medical,NH,55497.28267423575,9,Wage
Military,NH,54729.617742919385,10,Wage
Finance,NJ,103189.85158789191,1,Wage
Information,NJ,92992.09693541536,2,Wage
Utility,NJ,80684.43297556642,3,Wage
Manufacturing,NJ,74447.81279729378,4,Wage
Professional,NJ,72312.52419755877,5,Wage
Military,NJ,70887.892269679,6,Wage
Wholesale,NJ,69558.32566520486,7,Wage
Government,NJ,68345.61836114865,8,Wage
Medical,NJ,60133.24855999651,9,Wage
Extraction,NJ,59183.229293419354,10,Wage
Extraction,NM,63061.3506469886,1,Wage
Utility,NM,57827.50283887816,2,Wage
Professional,NM,52605.9447891699,3,Wage
Military,NM,51907.86010023964,4,Wage
Government,NM,50231.803729926396,5,Wage
Manufacturing,NM,50131.97478457529,6,Wage
Wholesale,NM,46055.63241852365,7,Wage
Finance,NM,45609.87943746446,8,Wage
Medical,NM,43210.94446450572,9,Wage
Information,NM,42796.98673573447,10,Wage
Utility,NV,76266.69090151515,1,Wage
Extraction,NV,74839.82934947281,2,Wage
Government,NV,61132.18045396121,3,Wage
Medical,NV,57326.29580476769,4,Wage
Military,NV,52051.18040043184,5,Wage
Wholesale,NV,50675.10168778239,6,Wage
Manufacturing,NV,48302.88286782439,7,Wage
Information,NV,48160.445233901744,8,Wage
Finance,NV,47636.36092538612,9,Wage
Professional,NV,45894.58983547304,10,Wage
Finance,NY,103639.56380601454,1,Wage
Utility,NY,83012.64217261516,2,Wage
Information,NY,78343.06361116424,3,Wage
Wholesale,NY,67863.31992942544,4,Wage
Professional,NY,67389.54315809041,5,Wage
Government,NY,66524.1940227658,6,Wage
Military,NY,59756.01855379878,7,Wage
Manufacturing,NY,57781.61144674935,8,Wage
Medical,NY,55074.17768383618,9,Wage
Education,NY,51375.31253764452,10,Wage
Utility,OH,73601.90329309586,1,Wage
Military,OH,70662.77425271328,2,Wage
Finance,OH,59464.73865135179,3,Wage
Wholesale,OH,56579.02826384987,4,Wage
Extraction,OH,55476.73239210197,5,Wage
Government,OH,53060.92632485954,6,Wage
Manufacturing,OH,52435.528769197284,7,Wage
Information,OH,51721.270785486726,8,Wage
Professional,OH,49416.63197846069,9,Wage
Medical,OH,47759.28670525502,10,Wage
Extraction,OK,76863.81326447951,1,Wage
Utility,OK,57609.93545249684,2,Wage
Manufacturing,OK,50774.91321843477,3,Wage
Wholesale,OK,50545.246062720915,4,Wage
Military,OK,50531.959068710086,5,Wage
Information,OK,49597.40878097223,6,Wage
Transportation,OK,49162.09437895002,7,Wage
Finance,OK,49065.36871917412,8,Wage
Medical,OK,47548.93943426575,9,Wage
Government,OK,46367.053679781326,10,Wage
Utility,OR,69202.36205119426,1,Wage
Extraction,OR,66386.00984242425,2,Wage
Manufacturing,OR,58306.50176991895,3,Wage
Finance,OR,57377.30814297958,4,Wage
Government,OR,53892.04017479788,5,Wage
Medical,OR,53002.43522559535,6,Wage
Wholesale,OR,52155.027496143695,7,Wage
Information,OR,51688.16519836912,8,Wage
Military,OR,49218.20875109434,9,Wage
Professional,OR,47497.876684538656,10,Wage
Utility,PA,75347.148580678,1,Wage
Military,PA,67622.26741227045,2,Wage
Finance,PA,66216.58657560988,3,Wage
Extraction,PA,65331.27349594129,4,Wage
Information,PA,61295.92849000487,5,Wage
Professional,PA,58269.11477299785,6,Wage
Manufacturing,PA,56878.94949212232,7,Wage
Wholesale,PA,56873.33866660974,8,Wage
Government,PA,55515.3372706914,9,Wage
Medical,PA,50893.16362781033,10,Wage
Utility,RI,79984.71031120478,1,Wage
Military,RI,67400.82063849611,2,Wage
Government,RI,66107.31217966083,3,Wage
Finance,RI,63430.8240710877,4,Wage
Wholesale,RI,54838.39489333333,5,Wage
Medical,RI,54808.3744842486,6,Wage
Professional,RI,54734.78125660146,7,Wage
Information,RI,52318.99856948162,8,Wage
Extraction,RI,52065.727999999996,9,Wage
Manufacturing,RI,51619.164355445195,10,Wage
Utility,SC,61434.91662810302,1,Wage
Extraction,SC,57257.59242172934,2,Wage
Wholesale,SC,57070.57492503198,3,Wage
Finance,SC,49307.798877547546,4,Wage
Information,SC,48630.87950500197,5,Wage
Manufacturing,SC,48263.40583725334,6,Wage
Medical,SC,47225.82786358163,7,Wage
Professional,SC,44394.52855992779,8,Wage
Military,SC,44239.258029525845,9,Wage
Transportation,SC,42874.06038445359,10,Wage
Utility,SD,61703.42238453344,1,Wage
Extraction,SD,60761.34102475855,2,Wage
Finance,SD,52447.04926019338,3,Wage
Transportation,SD,46829.28684441976,4,Wage
Military,SD,46559.48864341637,5,Wage
Wholesale,SD,45935.11151920857,6,Wage
Government,SD,43979.84895623192,7,Wage
Medical,SD,41654.631221186224,8,Wage
Manufacturing,SD,39809.77574727308,9,Wage
Information,SD,38516.08092333016,10,Wage
Utility,TN,67840.70782100588,1,Wage
Extraction,TN,64055.71439427797,2,Wage
Military,TN,58312.77466295416,3,Wage
Information,TN,56020.115618271724,4,Wage
Finance,TN,53179.38565244218,5,Wage
Medical,TN,50954.81496647212,6,Wage
Government,TN,49038.694025222634,7,Wage
Wholesale,TN,48648.60952458091,8,Wage
Manufacturing,TN,46643.42731668226,9,Wage
Professional,TN,44341.58454393985,10,Wage
Extraction,TX,98581.13407305784,1,Wage
Utility,TX,69433.03172585637,2,Wage
Manufacturing,TX,63517.7883885147,3,Wage
Wholesale,TX,61826.93321435727,4,Wage
Finance,TX,61091.50926094921,5,Wage
Information,TX,59812.04392760029,6,Wage
Professional,TX,55325.1661251536,7,Wage
Government,TX,52388.72740564512,8,Wage
Medical,TX,51675.863738688524,9,Wage
Military,TX,50234.85698218381,10,Wage
Extraction,UT,79390.81080649051,1,Wage
Utility,UT,75922.50319280183,2,Wage
Military,UT,62507.136132599415,3,Wage
Finance,UT,55308.37737436389,4,Wage
Medical,UT,51523.10427239404,5,Wage
Wholesale,UT,50850.27576162968,6,Wage
Government,UT,50168.74573834513,7,Wage
Manufacturing,UT,48188.59011525216,8,Wage
Professional,UT,47832.5972230289,9,Wage
Information,UT,45406.11545024511,10,Wage
Utility,VA,78771.74722003436,1,Wage
Professional,VA,76554.66606791159,2,Wage
Government,VA,75968.75745807003,3,Wage
Military,VA,72294.0701447434,4,Wage
Information,VA,72027.93777155975,5,Wage
Finance,VA,68359.13463547104,6,Wage
Extraction,VA,62517.12011860562,7,Wage
Manufacturing,VA,57340.540762668265,8,Wage
Wholesale,VA,54154.051296856975,9,Wage
Medical,VA,51291.792165252045,10,Wage
Military,VT,62237.962785797994,1,Wage
Wholesale,VT,58399.23399149602,2,Wage
Utility,VT,57901.33563703703,3,Wage
Medical,VT,57573.03100605936,4,Wage
Finance,VT,51583.266924562515,5,Wage
Government,VT,49491.50428539341,6,Wage
Extraction,VT,49279.55175953757,7,Wage
Professional,VT,48923.197573674544,8,Wage
Manufacturing,VT,48143.39596723372,9,Wage
Information,VT,45150.992514023674,10,Wage
Utility,WA,83965.13543911187,1,Wage
Information,WA,79814.09885876946,2,Wage
Professional,WA,68286.47843904524,3,Wage
Manufacturing,WA,66234.0121204478,4,Wage
Finance,WA,65349.34664666987,5,Wage
Wholesale,WA,61466.07074484266,6,Wage
Government,WA,59341.01757764601,7,Wage
Extraction,WA,59049.4896262582,8,Wage
Medical,WA,57995.593763118224,9,Wage
Transportation,WA,50409.92261269131,10,Wage
Extraction,WI,73113.14900298214,1,Wage
Utility,WI,72030.78488145254,2,Wage
Finance,WI,55726.706812465265,3,Wage
Wholesale,WI,54619.663645633795,4,Wage
Government,WI,51222.24763667962,5,Wage
Manufacturing,WI,50972.89891554836,6,Wage
Professional,WI,50387.02606903658,7,Wage
Medical,WI,49326.70735172549,8,Wage
Military,WI,46469.89381191703,9,Wage
Information,WI,45774.32838356822,10,Wage
Military,WV,73191.94207915568,1,Wage
Extraction,WV,68805.48618324121,2,Wage
Utility,WV,66850.47148611139,3,Wage
Wholesale,WV,50968.17213457697,4,Wage
Manufacturing,WV,49086.46774497672,5,Wage
Government,WV,47492.760669559924,6,Wage
Transportation,WV,46005.434987660134,7,Wage
Finance,WV,45018.05438888676,8,Wage
Medical,WV,44648.94831197155,9,Wage
Construction,WV,40426.48364542101,10,Wage
Extraction,WY,83624.07394374664,1,Wage
Wholesale,WY,67700.16146198082,2,Wage
Utility,WY,63814.90628511749,3,Wage
Medical,WY,58942.82233095361,4,Wage
Manufacturing,WY,55259.61063743181,5,Wage
Military,WY,54230.27012034883,6,Wage
Government,WY,47394.589008659415,7,Wage
Transportation,WY,46350.43297288609,8,Wage
Finance,WY,42784.05608028037,9,Wage
Construction,WY,42330.31328898766,10,Wage
